user_id,skill_gaps,goals,preferred_topics,confidence_by_topic
U00001,customer_service,hr_management;customer_service,financial_planning;customer_service,digital_skills:3;marketing:5;entrepreneurship:5
U00002,marketing;operations;leadership,financial_planning;leadership,leadership,hr_management:5;digital_skills:1;bookkeeping:3;entrepreneurship:4
U00003,negotiation;hr_management;leadership,negotiation;strategy,negotiation,customer_service:5;financial_planning:5;bookkeeping:1
U00004,negotiation;leadership;customer_service,negotiation;customer_service,negotiation;strategy;leadership,customer_service:4;hr_management:2;marketing:5;operations:2;strategy:3
U00006,operations,entrepreneurship;operations,negotiation;operations,customer_service:1;digital_skills:3;entrepreneurship:3
U00007,sales;operations;financial_planning,operations,bookkeeping;operations;leadership,leadership:1;strategy:1;entrepreneurship:3;hr_management:3
U00008,strategy;financial_planning;customer_service,strategy,hr_management;strategy,entrepreneurship:2;operations:4;negotiation:2;financial_planning:4
U00009,hr_management;operations;leadership,negotiation;leadership,strategy;leadership,customer_service:5;entrepreneurship:1;hr_management:2;strategy:5
U00010,entrepreneurship;bookkeeping,entrepreneurship,entrepreneurship;hr_management;financial_planning,entrepreneurship:2;strategy:5;marketing:1;digital_skills:3
U00011,entrepreneurship;negotiation,entrepreneurship,entrepreneurship;bookkeeping;digital_skills,sales:2;hr_management:5;operations:3;leadership:2
U00012,financial_planning,financial_planning,operations;financial_planning,financial_planning:3;operations:4;strategy:5;marketing:3;sales:3
U00013,entrepreneurship,entrepreneurship,entrepreneurship;negotiation,operations:1;digital_skills:1;strategy:3
U00015,bookkeeping;hr_management;operations,operations;financial_planning,operations;strategy,negotiation:3;leadership:2;financial_planning:2;entrepreneurship:3;sales:3
U00016,entrepreneurship;digital_skills,digital_skills,negotiation;marketing;digital_skills,bookkeeping:5;financial_planning:1;customer_service:2;strategy:5
U00017,leadership;customer_service,customer_service,sales;customer_service,bookkeeping:3;leadership:5;customer_service:4
U00018,operations,entrepreneurship;operations,bookkeeping;operations,financial_planning:2;bookkeeping:5;digital_skills:5;customer_service:4
U00019,negotiation;hr_management,negotiation,negotiation;operations,marketing:3;bookkeeping:4;operations:4;entrepreneurship:2;customer_service:2
U00020,sales;hr_management;leadership,marketing;sales,sales;operations;hr_management,financial_planning:3;bookkeeping:4;operations:4;entrepreneurship:2
U00021,strategy;customer_service,strategy,digital_skills;strategy,bookkeeping:5;hr_management:4;strategy:4;negotiation:5;leadership:4
U00022,leadership,leadership,bookkeeping;digital_skills;leadership,sales:5;customer_service:3;digital_skills:5;entrepreneurship:2
U00023,entrepreneurship;bookkeeping;customer_service,entrepreneurship;bookkeeping,entrepreneurship;hr_management;strategy,operations:4;marketing:1;leadership:5
U00024,sales;digital_skills;hr_management,entrepreneurship;sales,bookkeeping;sales,marketing:2;customer_service:2;financial_planning:4
U00025,customer_service,sales;customer_service,entrepreneurship;customer_service,leadership:3;customer_service:1;negotiation:5;digital_skills:1
U00026,marketing;digital_skills;customer_service,financial_planning;customer_service,strategy;financial_planning;customer_service,negotiation:1;strategy:3;hr_management:1
U00027,digital_skills;strategy;customer_service,negotiation;strategy,negotiation;digital_skills;strategy,strategy:2;sales:2;marketing:5;operations:4
U00028,marketing;digital_skills,marketing,entrepreneurship;marketing,financial_planning:2;bookkeeping:4;negotiation:4
U00030,negotiation,negotiation;operations,negotiation;marketing;customer_service,strategy:4;digital_skills:3;negotiation:2;operations:2
U00031,operations,negotiation;operations,negotiation;operations,leadership:1;digital_skills:5;strategy:4;hr_management:3;financial_planning:1
U00032,bookkeeping;marketing;operations,operations,operations;strategy,bookkeeping:5;sales:1;operations:3;negotiation:5;leadership:1
U00033,negotiation;operations;customer_service,negotiation;digital_skills,negotiation;leadership,financial_planning:5;customer_service:3;leadership:1
U00034,marketing;financial_planning;customer_service,financial_planning,negotiation;financial_planning;customer_service,leadership:2;operations:5;bookkeeping:1
U00035,operations;leadership,operations,negotiation;operations;leadership,negotiation:2;bookkeeping:5;customer_service:2
U00036,marketing;hr_management,negotiation;hr_management,hr_management;operations,strategy:1;financial_planning:2;hr_management:5
U00038,digital_skills;operations,sales;operations,negotiation;operations;entrepreneurship,sales:1;customer_service:3;hr_management:1
U00039,entrepreneurship;digital_skills,entrepreneurship;leadership,entrepreneurship;strategy;negotiation,digital_skills:4;entrepreneurship:3;negotiation:2
U00040,sales;financial_planning,sales;operations,entrepreneurship;sales;hr_management,entrepreneurship:4;financial_planning:5;bookkeeping:3;strategy:3;hr_management:3
U00041,digital_skills,entrepreneurship;digital_skills,entrepreneurship;operations;digital_skills,sales:2;entrepreneurship:3;customer_service:5;negotiation:1;hr_management:1
U00042,hr_management,bookkeeping;hr_management,entrepreneurship;hr_management,hr_management:2;sales:1;leadership:1;customer_service:5
U00043,entrepreneurship;sales,entrepreneurship,entrepreneurship;bookkeeping,marketing:2;digital_skills:3;customer_service:3;negotiation:4;bookkeeping:1
U00044,bookkeeping;digital_skills,bookkeeping;leadership,bookkeeping,financial_planning:1;digital_skills:3;entrepreneurship:3;hr_management:2
U00045,sales;strategy,marketing;strategy,bookkeeping;marketing;strategy,digital_skills:3;sales:1;customer_service:1;bookkeeping:1;operations:1
U00046,hr_management;operations,hr_management,entrepreneurship;marketing;hr_management,financial_planning:3;negotiation:4;digital_skills:5;leadership:1;marketing:5
U00047,operations;customer_service,digital_skills;customer_service,strategy;customer_service,financial_planning:1;digital_skills:5;operations:5
U00049,hr_management;digital_skills;leadership,hr_management,hr_management,hr_management:2;bookkeeping:5;operations:1;leadership:4;sales:2
U00050,bookkeeping;customer_service,operations;customer_service,entrepreneurship;customer_service,negotiation:2;sales:1;marketing:5;financial_planning:2
U00051,customer_service,operations;customer_service,negotiation;financial_planning;customer_service,financial_planning:1;hr_management:2;negotiation:5;digital_skills:4
U00053,marketing;financial_planning;customer_service,financial_planning,financial_planning,marketing:2;operations:2;financial_planning:1;entrepreneurship:2;customer_service:1
U00055,digital_skills,digital_skills;customer_service,digital_skills;customer_service,bookkeeping:5;negotiation:5;operations:2
U00056,hr_management,hr_management,bookkeeping;hr_management,customer_service:1;strategy:5;marketing:2;hr_management:3;sales:1
U00057,financial_planning,marketing;financial_planning,marketing;strategy;financial_planning,sales:1;customer_service:5;financial_planning:4;marketing:2
U00058,entrepreneurship;bookkeeping,entrepreneurship,entrepreneurship;marketing,negotiation:3;entrepreneurship:4;customer_service:4
U00059,operations,operations,operations;strategy,sales:5;marketing:2;customer_service:4;financial_planning:5
U00061,bookkeeping;hr_management,bookkeeping;financial_planning,bookkeeping;sales,strategy:3;bookkeeping:5;customer_service:5
U00062,entrepreneurship;sales;financial_planning,financial_planning,bookkeeping;financial_planning,entrepreneurship:2;operations:2;negotiation:1
U00063,leadership;financial_planning,financial_planning,hr_management;leadership;financial_planning,operations:2;financial_planning:1;bookkeeping:4;entrepreneurship:5;marketing:1
U00064,leadership,leadership;customer_service,sales;digital_skills;leadership,entrepreneurship:2;hr_management:1;sales:2;bookkeeping:4;negotiation:2
U00065,operations,operations,operations;customer_service,digital_skills:5;marketing:4;sales:2
U00066,digital_skills,negotiation;digital_skills,entrepreneurship;digital_skills,leadership:1;sales:5;hr_management:1;marketing:3
U00067,bookkeeping;operations,bookkeeping;marketing,bookkeeping;sales;leadership,marketing:1;entrepreneurship:4;customer_service:5;negotiation:4;sales:2
U00068,operations;leadership,operations,negotiation;sales;operations,hr_management:2;digital_skills:5;customer_service:2
U00070,digital_skills;financial_planning,digital_skills,negotiation;digital_skills;strategy,digital_skills:4;strategy:1;negotiation:4
U00071,negotiation,negotiation,negotiation;marketing;sales,leadership:4;sales:3;bookkeeping:2;financial_planning:4
U00072,sales;financial_planning;customer_service,sales;operations,negotiation;sales,marketing:1;hr_management:4;operations:3;financial_planning:5
U00073,digital_skills;leadership,digital_skills,digital_skills;customer_service,negotiation:1;financial_planning:1;strategy:4;hr_management:3
U00074,hr_management,hr_management,entrepreneurship;hr_management,negotiation:3;bookkeeping:2;strategy:5;sales:1;marketing:4
U00075,negotiation;sales;strategy,strategy,hr_management;strategy;leadership,entrepreneurship:3;digital_skills:3;leadership:4;financial_planning:4;bookkeeping:5
U00076,negotiation,negotiation,negotiation;operations;customer_service,entrepreneurship:1;bookkeeping:1;sales:4;operations:2
U00077,marketing,marketing,marketing;leadership,negotiation:2;marketing:2;operations:5
U00079,entrepreneurship;customer_service,customer_service,hr_management;digital_skills;customer_service,negotiation:2;entrepreneurship:1;financial_planning:1;leadership:2
U00080,entrepreneurship;hr_management,entrepreneurship;customer_service,entrepreneurship;negotiation,operations:4;customer_service:4;strategy:3;entrepreneurship:5
U00081,marketing;operations,sales;operations,hr_management;operations;leadership,marketing:4;hr_management:2;leadership:5
U00083,marketing;operations,operations,marketing;operations,bookkeeping:5;financial_planning:2;hr_management:4
U00084,bookkeeping,bookkeeping,bookkeeping;entrepreneurship,hr_management:5;marketing:2;negotiation:5;operations:3
U00085,operations,operations,operations,marketing:3;financial_planning:3;strategy:4;customer_service:3
U00087,entrepreneurship;marketing;financial_planning,hr_management;financial_planning,negotiation;financial_planning,financial_planning:3;marketing:1;strategy:4;bookkeeping:5
U00088,hr_management;strategy,strategy,strategy;financial_planning;customer_service,sales:2;customer_service:1;strategy:1;negotiation:5;leadership:4
U00089,negotiation,negotiation;sales,negotiation;hr_management;customer_service,strategy:4;financial_planning:3;hr_management:4;digital_skills:3;marketing:1
U00090,hr_management;leadership,hr_management;strategy,hr_management;sales,operations:4;digital_skills:4;negotiation:2;leadership:5;marketing:5
U00091,hr_management,hr_management;operations,bookkeeping;hr_management;customer_service,bookkeeping:4;financial_planning:2;digital_skills:5;leadership:4
U00092,hr_management,hr_management,hr_management;digital_skills,strategy:5;operations:3;financial_planning:4;leadership:5
U00093,negotiation,negotiation,negotiation;marketing,leadership:3;entrepreneurship:4;operations:2;bookkeeping:4
U00095,entrepreneurship,entrepreneurship,entrepreneurship;bookkeeping;operations,negotiation:3;hr_management:4;customer_service:1;operations:3;digital_skills:5
U00096,leadership,marketing;leadership,marketing;leadership,operations:1;marketing:3;hr_management:3;entrepreneurship:4
U00097,entrepreneurship;financial_planning,entrepreneurship;leadership,entrepreneurship;strategy,entrepreneurship:5;marketing:2;bookkeeping:5
U00098,entrepreneurship;financial_planning,leadership;financial_planning,bookkeeping;strategy;financial_planning,hr_management:3;marketing:4;financial_planning:4;entrepreneurship:3;leadership:2
U00099,hr_management,hr_management,hr_management;strategy,negotiation:4;strategy:4;entrepreneurship:1;customer_service:1;bookkeeping:2
U00101,negotiation;strategy,marketing;strategy,strategy;customer_service,marketing:2;leadership:2;financial_planning:2;bookkeeping:2
U00102,customer_service,customer_service,digital_skills;customer_service,bookkeeping:1;negotiation:2;financial_planning:1;operations:1;digital_skills:5
U00103,negotiation;bookkeeping,negotiation;financial_planning,negotiation;leadership,financial_planning:2;bookkeeping:3;entrepreneurship:1;sales:1;strategy:2
U00104,digital_skills;customer_service,hr_management;digital_skills,digital_skills;strategy,customer_service:5;sales:1;strategy:5;bookkeeping:2;negotiation:2
U00106,bookkeeping;financial_planning;leadership,leadership,hr_management;leadership;customer_service,operations:2;entrepreneurship:3;bookkeeping:4
U00107,entrepreneurship;sales;digital_skills,entrepreneurship,entrepreneurship;bookkeeping;operations,strategy:3;marketing:3;operations:5
U00108,digital_skills,operations;digital_skills,digital_skills,operations:2;customer_service:5;leadership:4;negotiation:3
U00110,hr_management,entrepreneurship;hr_management,marketing;hr_management;financial_planning,operations:5;entrepreneurship:1;bookkeeping:1;digital_skills:2;negotiation:4
U00111,bookkeeping;marketing;leadership,leadership,sales;hr_management;leadership,customer_service:2;digital_skills:4;bookkeeping:4
U00112,negotiation;strategy;customer_service,entrepreneurship;strategy,hr_management;operations;strategy,customer_service:2;digital_skills:4;operations:1;strategy:1;leadership:3
U00113,operations,operations,bookkeeping;operations,financial_planning:4;bookkeeping:5;operations:3;negotiation:2;marketing:3
U00114,digital_skills,digital_skills,operations;digital_skills;sales,entrepreneurship:3;operations:5;negotiation:3;strategy:5
U00115,bookkeeping,bookkeeping,bookkeeping;hr_management;operations,operations:2;negotiation:5;financial_planning:3;customer_service:2
U00116,bookkeeping,bookkeeping;negotiation,bookkeeping;operations,entrepreneurship:4;operations:5;strategy:2;customer_service:5;negotiation:1
U00117,financial_planning;customer_service,financial_planning;customer_service,hr_management;leadership;financial_planning,financial_planning:2;customer_service:3;negotiation:3
U00118,entrepreneurship;operations;financial_planning,digital_skills;operations,digital_skills;operations,hr_management:2;digital_skills:2;negotiation:2;financial_planning:3
U00119,bookkeeping;leadership,leadership,marketing;financial_planning;leadership,hr_management:3;financial_planning:1;operations:4;digital_skills:5;strategy:1
U00121,bookkeeping;hr_management,bookkeeping,bookkeeping;entrepreneurship,hr_management:3;operations:2;strategy:5
U00122,bookkeeping;sales,bookkeeping;entrepreneurship,bookkeeping;strategy,leadership:3;negotiation:5;financial_planning:4
U00123,entrepreneurship;bookkeeping;negotiation,entrepreneurship,entrepreneurship;bookkeeping;leadership,strategy:1;operations:3;digital_skills:5;sales:3;hr_management:4
U00124,sales;digital_skills,digital_skills,digital_skills;strategy;customer_service,entrepreneurship:5;strategy:2;marketing:5;financial_planning:4
U00125,marketing;operations;leadership,marketing;customer_service,marketing;strategy,hr_management:2;operations:2;marketing:3
U00126,bookkeeping;hr_management,bookkeeping,bookkeeping;digital_skills,leadership:5;entrepreneurship:2;marketing:4;negotiation:2
U00127,financial_planning,financial_planning,leadership;financial_planning,operations:1;strategy:2;digital_skills:2;customer_service:3
U00128,negotiation;leadership,negotiation,negotiation,financial_planning:5;negotiation:3;bookkeeping:1;hr_management:4
U00129,entrepreneurship;bookkeeping;sales,negotiation;sales,sales,customer_service:5;strategy:5;bookkeeping:5
U00130,marketing,marketing,marketing;hr_management,customer_service:2;digital_skills:2;sales:1;entrepreneurship:2
U00131,entrepreneurship;operations,entrepreneurship;leadership,entrepreneurship;operations,hr_management:4;bookkeeping:2;negotiation:3;strategy:2;digital_skills:3
U00132,marketing;leadership,marketing,negotiation;marketing,financial_planning:3;entrepreneurship:3;sales:1;leadership:5;digital_skills:2
U00133,sales;financial_planning,sales;leadership,bookkeeping;sales,sales:4;marketing:1;operations:3;hr_management:1
U00134,operations;leadership,hr_management;leadership,bookkeeping;marketing;leadership,leadership:5;strategy:5;bookkeeping:3;hr_management:4;digital_skills:1
U00135,entrepreneurship;marketing;leadership,entrepreneurship;leadership,financial_planning;leadership,sales:5;entrepreneurship:1;leadership:1;hr_management:2
U00136,entrepreneurship;marketing;financial_planning,hr_management;financial_planning,marketing;operations;financial_planning,marketing:3;entrepreneurship:2;customer_service:1;hr_management:4
U00137,hr_management;digital_skills,hr_management,hr_management;financial_planning,entrepreneurship:2;customer_service:3;sales:2;bookkeeping:1;operations:4
U00138,marketing;hr_management;leadership,hr_management,marketing;hr_management;customer_service,financial_planning:4;strategy:4;digital_skills:1
U00139,strategy,strategy,operations;strategy;leadership,marketing:3;digital_skills:2;sales:4;customer_service:2
U00140,digital_skills,digital_skills,sales;digital_skills;leadership,operations:1;sales:4;hr_management:2;negotiation:3;bookkeeping:4
U00141,negotiation;hr_management;digital_skills,bookkeeping;hr_management,hr_management;strategy,financial_planning:4;hr_management:3;sales:5
U00144,negotiation;financial_planning;leadership,strategy;leadership,digital_skills;leadership,hr_management:3;marketing:2;strategy:5;financial_planning:4;entrepreneurship:3
U00145,hr_management,hr_management,negotiation;hr_management;strategy,marketing:1;leadership:2;bookkeeping:4;hr_management:3
U00146,leadership;customer_service,customer_service,hr_management;strategy;customer_service,marketing:5;hr_management:4;operations:1;negotiation:2
U00147,bookkeeping,bookkeeping,bookkeeping;operations,marketing:4;operations:1;digital_skills:4;bookkeeping:3
U00149,hr_management;operations,hr_management,bookkeeping;hr_management,bookkeeping:2;sales:5;leadership:3;marketing:5
U00150,sales;strategy;customer_service,strategy,digital_skills;strategy,sales:3;operations:1;bookkeeping:3
U00151,bookkeeping;sales;digital_skills,sales;customer_service,sales;hr_management,financial_planning:4;bookkeeping:4;operations:3
U00152,strategy,strategy;financial_planning,hr_management;strategy;customer_service,sales:3;financial_planning:1;leadership:1
U00153,negotiation;bookkeeping;digital_skills,negotiation;leadership,negotiation;sales,bookkeeping:4;financial_planning:4;sales:3;marketing:2
U00154,negotiation;digital_skills,negotiation;entrepreneurship,negotiation;hr_management,bookkeeping:4;hr_management:4;strategy:4;sales:3;operations:5
U00155,bookkeeping,bookkeeping;hr_management,bookkeeping;digital_skills,digital_skills:4;bookkeeping:2;financial_planning:2;strategy:4;hr_management:5
U00156,entrepreneurship;bookkeeping;leadership,entrepreneurship;digital_skills,entrepreneurship;operations,marketing:5;negotiation:4;leadership:3;sales:5
U00157,strategy,strategy,strategy,digital_skills:3;bookkeeping:3;operations:5;leadership:1
U00158,negotiation,negotiation,negotiation;marketing,financial_planning:3;bookkeeping:5;digital_skills:4;leadership:4
U00159,bookkeeping;hr_management,bookkeeping,bookkeeping;marketing,negotiation:1;customer_service:4;leadership:5
U00160,bookkeeping;financial_planning,financial_planning,entrepreneurship;financial_planning,operations:3;digital_skills:5;customer_service:5;negotiation:3
U00161,entrepreneurship;digital_skills;customer_service,bookkeeping;customer_service,marketing;customer_service,sales:2;bookkeeping:1;financial_planning:2
U00162,negotiation,negotiation,negotiation;entrepreneurship;strategy,bookkeeping:2;leadership:4;operations:4
U00163,digital_skills,digital_skills,negotiation;operations;digital_skills,operations:2;customer_service:3;sales:5
U00164,entrepreneurship;financial_planning,entrepreneurship;financial_planning,entrepreneurship,digital_skills:1;negotiation:4;operations:4;strategy:4;leadership:5
U00165,entrepreneurship;marketing;operations,marketing,marketing;strategy,digital_skills:5;customer_service:1;hr_management:3
U00166,operations;strategy,strategy,entrepreneurship;strategy;customer_service,operations:3;digital_skills:2;financial_planning:4;marketing:3
U00167,sales;leadership;customer_service,leadership;customer_service,marketing;leadership,negotiation:2;digital_skills:5;entrepreneurship:2;hr_management:3;operations:1
U00168,hr_management,hr_management,marketing;hr_management,operations:2;bookkeeping:2;digital_skills:5;negotiation:1;leadership:1
U00169,sales;hr_management,sales,sales;strategy,bookkeeping:1;hr_management:5;digital_skills:2
U00170,customer_service,leadership;customer_service,hr_management;financial_planning;customer_service,leadership:4;marketing:4;strategy:1;bookkeeping:1;financial_planning:5
U00171,customer_service,customer_service,marketing;customer_service,bookkeeping:4;sales:5;hr_management:4;marketing:1;leadership:2
U00172,marketing;customer_service,customer_service,operations;customer_service,financial_planning:3;sales:5;operations:2;hr_management:1
U00173,entrepreneurship;hr_management;digital_skills,entrepreneurship,entrepreneurship;strategy,sales:4;marketing:4;digital_skills:5;customer_service:3
U00175,entrepreneurship,entrepreneurship,entrepreneurship;hr_management,digital_skills:4;marketing:1;negotiation:2;financial_planning:5
U00176,negotiation;entrepreneurship;leadership,digital_skills;leadership,entrepreneurship;strategy;leadership,negotiation:3;hr_management:5;entrepreneurship:5;financial_planning:2
U00177,entrepreneurship;operations,operations,negotiation;hr_management;operations,digital_skills:5;sales:3;leadership:4;bookkeeping:2;financial_planning:5
U00179,negotiation,negotiation;strategy,negotiation;marketing;entrepreneurship,financial_planning:3;strategy:2;customer_service:3
U00180,bookkeeping;hr_management;financial_planning,hr_management;leadership,bookkeeping;hr_management;financial_planning,bookkeeping:3;operations:2;leadership:5;financial_planning:5;entrepreneurship:5
U00181,operations,operations;leadership,entrepreneurship;operations;customer_service,marketing:3;digital_skills:5;strategy:5;sales:2;bookkeeping:3
U00182,marketing,marketing;digital_skills,bookkeeping;marketing,digital_skills:2;marketing:4;operations:1
U00183,digital_skills;customer_service,leadership;customer_service,entrepreneurship;digital_skills;customer_service,negotiation:2;operations:5;digital_skills:2;marketing:4
U00184,customer_service,customer_service,operations;customer_service,financial_planning:1;marketing:5;strategy:4;hr_management:1
U00185,operations;financial_planning;leadership,operations,hr_management;operations,hr_management:1;leadership:2;entrepreneurship:2;operations:5
U00186,operations;leadership,operations,negotiation;operations,financial_planning:1;bookkeeping:1;strategy:4;hr_management:4
U00187,sales;operations;hr_management,sales;operations,marketing;sales,entrepreneurship:3;operations:1;negotiation:5;customer_service:5;marketing:4
U00188,hr_management;leadership,leadership,negotiation;leadership,bookkeeping:5;marketing:1;financial_planning:2;leadership:5;negotiation:5
U00189,bookkeeping,bookkeeping,bookkeeping;strategy;financial_planning,entrepreneurship:1;strategy:3;marketing:2
U00190,operations;digital_skills;customer_service,digital_skills,digital_skills;customer_service,operations:4;financial_planning:2;hr_management:4
U00191,hr_management;digital_skills;customer_service,bookkeeping;customer_service,bookkeeping;customer_service,marketing:1;leadership:2;negotiation:3;customer_service:4;entrepreneurship:2
U00192,bookkeeping;marketing,bookkeeping,bookkeeping;leadership,bookkeeping:3;hr_management:3;marketing:4;digital_skills:1
U00193,customer_service,customer_service,negotiation;strategy;customer_service,bookkeeping:4;leadership:5;financial_planning:4;hr_management:1
U00194,entrepreneurship;digital_skills,digital_skills,digital_skills;leadership,customer_service:3;entrepreneurship:5;bookkeeping:4;sales:4;marketing:1
U00195,marketing;sales,marketing;strategy,marketing;sales,digital_skills:4;strategy:5;operations:3;financial_planning:2;entrepreneurship:1
U00196,leadership;financial_planning,entrepreneurship;financial_planning,entrepreneurship;hr_management;financial_planning,customer_service:1;strategy:2;leadership:5
U00197,bookkeeping;strategy,negotiation;strategy,marketing;strategy,strategy:3;leadership:3;digital_skills:4;sales:3;hr_management:2
U00198,hr_management,hr_management,hr_management;customer_service,negotiation:5;marketing:4;financial_planning:1
U00200,strategy,digital_skills;strategy,entrepreneurship;strategy,bookkeeping:3;strategy:4;financial_planning:5;operations:3;negotiation:4
U00201,bookkeeping;operations;financial_planning,hr_management;operations,operations,sales:3;financial_planning:2;leadership:1
U00202,entrepreneurship;sales;leadership,entrepreneurship,entrepreneurship;hr_management;financial_planning,operations:2;customer_service:4;sales:1;financial_planning:3
U00203,negotiation;marketing,negotiation,negotiation;bookkeeping,marketing:5;bookkeeping:3;negotiation:2;leadership:1;sales:5
U00204,operations;strategy;leadership,leadership,entrepreneurship;leadership;negotiation,financial_planning:1;hr_management:5;digital_skills:4;customer_service:4;leadership:3
U00205,marketing,marketing,marketing;leadership,strategy:4;operations:2;hr_management:3;financial_planning:1
U00206,financial_planning,financial_planning,bookkeeping;sales;financial_planning,marketing:1;hr_management:1;leadership:1
U00207,operations,operations;leadership,bookkeeping;operations,sales:5;hr_management:2;financial_planning:1;entrepreneurship:5
U00208,negotiation,negotiation;customer_service,negotiation;bookkeeping,financial_planning:1;digital_skills:2;hr_management:1
U00210,strategy;customer_service,bookkeeping;strategy,entrepreneurship;strategy,strategy:4;financial_planning:4;leadership:1
U00211,hr_management;sales,hr_management,hr_management;digital_skills;operations,customer_service:1;negotiation:4;bookkeeping:5;hr_management:3
U00212,strategy,strategy,strategy;customer_service,bookkeeping:3;customer_service:4;sales:4;marketing:5;leadership:4
U00213,sales,sales,marketing;sales,customer_service:3;digital_skills:5;strategy:5;hr_management:2
U00214,sales;customer_service,sales;leadership,sales;strategy;financial_planning,entrepreneurship:5;negotiation:5;marketing:1;financial_planning:4;sales:3
U00215,hr_management,hr_management,hr_management,entrepreneurship:5;operations:3;negotiation:5
U00216,leadership;customer_service,digital_skills;leadership,bookkeeping;marketing;leadership,financial_planning:2;operations:2;sales:4;negotiation:5
U00217,negotiation;marketing,negotiation;marketing,marketing;sales;digital_skills,financial_planning:1;hr_management:3;negotiation:1
U00218,hr_management,hr_management;operations,entrepreneurship;hr_management,hr_management:3;financial_planning:2;entrepreneurship:2;sales:3;strategy:2
U00219,marketing;sales,sales,marketing;sales,bookkeeping:1;financial_planning:3;marketing:2;digital_skills:3
U00220,marketing;hr_management,marketing,negotiation;marketing;bookkeeping,marketing:2;negotiation:5;sales:4
U00221,entrepreneurship;customer_service,entrepreneurship,entrepreneurship;financial_planning,customer_service:3;sales:2;strategy:1;leadership:3;marketing:2
U00222,bookkeeping;sales;operations,bookkeeping,bookkeeping;entrepreneurship;customer_service,marketing:5;strategy:3;digital_skills:4
U00223,entrepreneurship,entrepreneurship;negotiation,entrepreneurship;operations;strategy,operations:2;negotiation:2;leadership:2;digital_skills:4;financial_planning:2
U00224,digital_skills,digital_skills;customer_service,hr_management;digital_skills,strategy:3;bookkeeping:4;marketing:5;entrepreneurship:3
U00225,leadership,strategy;leadership,operations;digital_skills;leadership,digital_skills:3;negotiation:3;hr_management:4;operations:1
U00226,entrepreneurship,entrepreneurship,entrepreneurship;hr_management,leadership:5;strategy:1;entrepreneurship:3
U00228,operations,operations;financial_planning,hr_management;operations,entrepreneurship:3;hr_management:3;leadership:2
U00229,leadership,financial_planning;leadership,hr_management;leadership,digital_skills:5;customer_service:2;financial_planning:4;operations:2
U00230,sales;operations,operations,negotiation;operations,bookkeeping:4;hr_management:2;sales:4;digital_skills:4
U00231,leadership,marketing;leadership,leadership,financial_planning:4;operations:4;hr_management:4;customer_service:5;sales:3
U00232,negotiation,negotiation,negotiation;marketing,customer_service:4;entrepreneurship:2;negotiation:4;digital_skills:1
U00233,negotiation,negotiation;bookkeeping,negotiation;operations;customer_service,leadership:1;bookkeeping:5;marketing:4;entrepreneurship:1;customer_service:2
U00234,marketing;leadership,marketing,marketing;leadership,strategy:5;bookkeeping:1;operations:2;financial_planning:3;hr_management:4
U00235,bookkeeping,bookkeeping,bookkeeping;operations,sales:4;marketing:4;negotiation:2;leadership:5
U00236,operations;customer_service,operations,sales;operations;leadership,marketing:4;operations:5;bookkeeping:2
U00237,negotiation;operations;digital_skills,digital_skills;customer_service,negotiation;digital_skills,leadership:3;entrepreneurship:3;operations:4
U00238,leadership,sales;leadership,leadership;customer_service,digital_skills:4;operations:1;negotiation:2;marketing:2;bookkeeping:3
U00239,negotiation;entrepreneurship;leadership,negotiation,negotiation;operations,strategy:1;bookkeeping:5;hr_management:3;entrepreneurship:4
U00240,sales;leadership,leadership,bookkeeping;financial_planning;leadership,negotiation:4;entrepreneurship:2;operations:4;digital_skills:1;hr_management:1
U00241,negotiation;marketing;hr_management,negotiation;operations,negotiation;bookkeeping,entrepreneurship:3;sales:2;operations:2;marketing:1;customer_service:5
U00242,bookkeeping;sales,marketing;sales,entrepreneurship;sales,entrepreneurship:4;leadership:3;marketing:2
U00243,negotiation,negotiation,negotiation;financial_planning,strategy:4;entrepreneurship:1;bookkeeping:5;digital_skills:1;leadership:1
U00244,strategy,strategy,negotiation;sales;strategy,financial_planning:1;digital_skills:3;negotiation:2
U00245,strategy,strategy,entrepreneurship;strategy,negotiation:4;marketing:5;financial_planning:1
U00246,strategy;financial_planning,financial_planning,strategy;financial_planning,digital_skills:1;bookkeeping:3;sales:3;customer_service:2
U00247,marketing;hr_management;financial_planning,marketing;sales,bookkeeping;marketing;sales,leadership:1;entrepreneurship:2;customer_service:4;hr_management:3;financial_planning:5
U00248,negotiation,negotiation,negotiation;bookkeeping;customer_service,entrepreneurship:2;digital_skills:3;marketing:4;hr_management:1
U00249,operations;financial_planning;customer_service,strategy;financial_planning,strategy;financial_planning,negotiation:3;financial_planning:2;sales:4;entrepreneurship:2;bookkeeping:5
U00250,operations,operations,marketing;sales;operations,sales:5;entrepreneurship:4;financial_planning:3;negotiation:2
U00251,entrepreneurship;strategy;financial_planning,entrepreneurship,entrepreneurship;sales;financial_planning,hr_management:2;negotiation:2;sales:5;customer_service:4;financial_planning:5
U00252,entrepreneurship;leadership,leadership,operations;leadership,sales:2;financial_planning:2;marketing:1
U00253,negotiation;sales;financial_planning,financial_planning,negotiation;operations;financial_planning,marketing:2;sales:5;entrepreneurship:2;digital_skills:3
U00254,bookkeeping;entrepreneurship,bookkeeping,bookkeeping;operations,digital_skills:4;negotiation:4;marketing:5;operations:5
U00255,marketing,marketing;financial_planning,bookkeeping;marketing;digital_skills,customer_service:2;strategy:3;marketing:4;entrepreneurship:4
U00256,digital_skills,bookkeeping;digital_skills,marketing;operations;digital_skills,marketing:1;sales:5;financial_planning:3
U00257,entrepreneurship;digital_skills,entrepreneurship;digital_skills,entrepreneurship;leadership,bookkeeping:5;digital_skills:2;financial_planning:2;negotiation:4;entrepreneurship:3
U00258,marketing;hr_management;strategy,entrepreneurship;marketing,negotiation;marketing;financial_planning,digital_skills:1;negotiation:3;sales:1;customer_service:2;operations:3
U00259,negotiation;marketing;leadership,negotiation,negotiation;financial_planning,bookkeeping:4;entrepreneurship:5;digital_skills:1
U00260,operations,marketing;operations,negotiation;operations;leadership,strategy:1;entrepreneurship:1;digital_skills:5;leadership:3;customer_service:2
U00261,sales,negotiation;sales,marketing;sales;financial_planning,financial_planning:5;bookkeeping:4;entrepreneurship:3;digital_skills:4
U00262,marketing;leadership,leadership,operations;leadership,strategy:5;bookkeeping:2;operations:2
U00263,marketing;sales;customer_service,digital_skills;customer_service,entrepreneurship;customer_service,entrepreneurship:3;marketing:1;bookkeeping:4
U00264,bookkeeping,bookkeeping;financial_planning,bookkeeping;operations,entrepreneurship:3;bookkeeping:1;financial_planning:5;customer_service:1
U00265,sales;digital_skills;financial_planning,sales;operations,sales;hr_management;customer_service,hr_management:2;negotiation:3;entrepreneurship:4;customer_service:4
U00266,sales;hr_management,sales,sales;operations,digital_skills:2;marketing:3;financial_planning:4;bookkeeping:5;leadership:4
U00267,sales;strategy;financial_planning,strategy;financial_planning,hr_management;strategy;financial_planning,operations:5;sales:1;customer_service:3;negotiation:4;digital_skills:4
U00269,marketing,marketing;leadership,negotiation;marketing,strategy:1;customer_service:2;negotiation:4
U00270,entrepreneurship;leadership,marketing;leadership,bookkeeping;operations;leadership,strategy:1;sales:1;entrepreneurship:4;customer_service:1;marketing:2
U00272,negotiation;leadership,negotiation,negotiation;operations;entrepreneurship,bookkeeping:1;entrepreneurship:3;marketing:2;strategy:5;operations:5
U00273,digital_skills,entrepreneurship;digital_skills,negotiation;sales;digital_skills,bookkeeping:1;leadership:3;negotiation:5;customer_service:2
U00274,leadership,marketing;leadership,digital_skills;leadership;customer_service,financial_planning:4;leadership:4;negotiation:3;strategy:3;sales:2
U00275,sales;strategy;customer_service,strategy,strategy;financial_planning,hr_management:4;marketing:4;leadership:2;sales:5
U00276,entrepreneurship;digital_skills;financial_planning,digital_skills;leadership,digital_skills;leadership,customer_service:4;operations:1;sales:3;entrepreneurship:2;leadership:2
U00277,entrepreneurship,entrepreneurship,entrepreneurship;operations,digital_skills:3;leadership:4;marketing:4;financial_planning:3;negotiation:4
U00278,negotiation;strategy;leadership,negotiation;strategy,negotiation;strategy,digital_skills:3;bookkeeping:4;marketing:2;hr_management:5;financial_planning:2
U00279,digital_skills;leadership,digital_skills,sales;digital_skills,sales:2;entrepreneurship:4;financial_planning:4;hr_management:2;bookkeeping:1
U00280,marketing;customer_service,customer_service,strategy;customer_service,hr_management:2;customer_service:1;digital_skills:1;marketing:2;entrepreneurship:4
U00281,marketing;hr_management;customer_service,negotiation;hr_management,hr_management;operations,digital_skills:1;leadership:1;operations:1;hr_management:1;financial_planning:4
U00282,negotiation;sales;financial_planning,negotiation;leadership,negotiation;customer_service,digital_skills:3;operations:5;negotiation:2
U00283,digital_skills,digital_skills,negotiation;digital_skills;financial_planning,strategy:1;negotiation:5;entrepreneurship:5;operations:5
U00284,bookkeeping;sales;operations,operations,operations;customer_service,marketing:1;financial_planning:1;strategy:2;operations:5;hr_management:2
U00285,hr_management,hr_management;financial_planning,bookkeeping;hr_management,leadership:1;hr_management:2;strategy:3;marketing:1;digital_skills:5
U00287,marketing;hr_management;operations,negotiation;hr_management,hr_management;strategy,strategy:2;negotiation:1;sales:2;bookkeeping:2;financial_planning:3
U00288,negotiation,negotiation,negotiation;customer_service,leadership:1;marketing:5;customer_service:3;digital_skills:3
U00289,leadership,operations;leadership,leadership,digital_skills:3;marketing:2;strategy:3;sales:5;bookkeeping:5
U00290,marketing;digital_skills,digital_skills,digital_skills;financial_planning;customer_service,bookkeeping:5;leadership:1;negotiation:5
U00291,entrepreneurship;leadership,leadership,hr_management;leadership,sales:1;leadership:4;financial_planning:2
U00292,marketing,marketing,marketing;strategy,leadership:5;customer_service:3;operations:5;bookkeeping:3;hr_management:5
U00293,negotiation,negotiation,negotiation;marketing;digital_skills,negotiation:5;entrepreneurship:4;strategy:4;customer_service:5
U00294,strategy,strategy,marketing;strategy,customer_service:2;leadership:5;financial_planning:4;hr_management:4
U00295,operations;digital_skills,digital_skills;leadership,sales;digital_skills;strategy,entrepreneurship:3;bookkeeping:1;leadership:1;digital_skills:1
U00296,financial_planning,financial_planning,bookkeeping;financial_planning,leadership:5;strategy:2;operations:4;financial_planning:4;digital_skills:5
U00297,bookkeeping;strategy;customer_service,financial_planning;customer_service,negotiation;customer_service,negotiation:3;digital_skills:2;strategy:5
U00298,financial_planning,marketing;financial_planning,marketing;financial_planning,hr_management:3;marketing:1;strategy:4
U00299,strategy,bookkeeping;strategy,entrepreneurship;sales;strategy,bookkeeping:3;leadership:2;entrepreneurship:1;operations:5;customer_service:4
U00300,entrepreneurship;financial_planning,financial_planning,operations;financial_planning;customer_service,hr_management:4;financial_planning:3;customer_service:3
U00301,bookkeeping,bookkeeping;negotiation,bookkeeping;digital_skills,financial_planning:2;bookkeeping:1;digital_skills:5;operations:5
U00302,bookkeeping;customer_service,financial_planning;customer_service,entrepreneurship;customer_service,sales:3;operations:3;digital_skills:4;hr_management:2
U00303,bookkeeping;digital_skills,entrepreneurship;digital_skills,negotiation;marketing;digital_skills,negotiation:2;digital_skills:1;financial_planning:2;hr_management:3
U00304,digital_skills;customer_service,financial_planning;customer_service,entrepreneurship;customer_service,operations:1;entrepreneurship:4;leadership:4
U00305,entrepreneurship;marketing;negotiation,entrepreneurship;digital_skills,entrepreneurship;marketing;bookkeeping,financial_planning:3;marketing:5;entrepreneurship:1
U00306,digital_skills,digital_skills,digital_skills;customer_service,financial_planning:4;digital_skills:1;operations:4;leadership:2;strategy:5
U00307,negotiation;marketing;sales,negotiation;bookkeeping,negotiation;sales,digital_skills:2;sales:5;operations:2;bookkeeping:2;marketing:1
U00308,entrepreneurship,entrepreneurship;sales,entrepreneurship;digital_skills,customer_service:1;sales:4;bookkeeping:4
U00309,entrepreneurship;sales;strategy,strategy,operations;digital_skills;strategy,strategy:3;digital_skills:1;financial_planning:3
U00310,negotiation;leadership,sales;leadership,marketing;financial_planning;leadership,financial_planning:2;negotiation:3;hr_management:4
U00311,bookkeeping;marketing;digital_skills,marketing,marketing;hr_management;operations,leadership:5;bookkeeping:2;entrepreneurship:3;financial_planning:3
U00312,negotiation;customer_service,sales;customer_service,sales;customer_service,bookkeeping:1;negotiation:5;marketing:2;entrepreneurship:2
U00313,marketing,marketing,marketing;operations;leadership,strategy:2;marketing:2;financial_planning:4
U00314,entrepreneurship;strategy,entrepreneurship;hr_management,entrepreneurship;bookkeeping,bookkeeping:5;operations:1;digital_skills:2;strategy:5
U00315,negotiation,negotiation;financial_planning,negotiation,negotiation:5;digital_skills:5;operations:1
U00316,digital_skills;strategy;financial_planning,digital_skills;financial_planning,marketing;sales;financial_planning,marketing:5;customer_service:1;sales:5
U00317,negotiation;hr_management;strategy,hr_management;leadership,hr_management;leadership,leadership:1;strategy:5;bookkeeping:2;marketing:3;sales:1
U00318,entrepreneurship;marketing,entrepreneurship;financial_planning,entrepreneurship;sales,bookkeeping:1;financial_planning:5;hr_management:3;customer_service:2;strategy:4
U00319,hr_management,hr_management,hr_management,negotiation:3;leadership:1;marketing:5
U00320,entrepreneurship;bookkeeping;digital_skills,entrepreneurship,entrepreneurship;operations,hr_management:5;leadership:4;sales:2
U00321,negotiation;sales;digital_skills,marketing;sales,bookkeeping;sales;operations,operations:2;marketing:5;entrepreneurship:4
U00323,hr_management;financial_planning,marketing;hr_management,hr_management;digital_skills,customer_service:4;sales:2;bookkeeping:4;marketing:4;negotiation:1
U00324,operations,operations,digital_skills;operations,financial_planning:2;bookkeeping:2;negotiation:1;customer_service:3
U00325,bookkeeping;financial_planning;customer_service,bookkeeping,bookkeeping;strategy,hr_management:5;bookkeeping:4;sales:2;marketing:3;operations:3
U00326,bookkeeping,bookkeeping,bookkeeping;entrepreneurship;strategy,financial_planning:5;negotiation:3;bookkeeping:1
U00327,marketing;customer_service,customer_service,financial_planning;customer_service,digital_skills:3;negotiation:3;marketing:2
U00329,negotiation;bookkeeping;customer_service,marketing;customer_service,sales;customer_service,leadership:5;hr_management:3;bookkeeping:1
U00330,marketing,marketing,marketing,strategy:4;hr_management:2;customer_service:3;marketing:5
U00331,bookkeeping;marketing,marketing;operations,bookkeeping;marketing;leadership,marketing:3;entrepreneurship:2;negotiation:4
U00332,bookkeeping;digital_skills,digital_skills,negotiation;digital_skills;leadership,bookkeeping:2;hr_management:4;marketing:3
U00333,operations;leadership,leadership;customer_service,entrepreneurship;marketing;leadership,digital_skills:4;negotiation:5;strategy:5
U00334,digital_skills;sales;operations,operations,operations;strategy;customer_service,negotiation:1;sales:2;bookkeeping:1;entrepreneurship:3;hr_management:5
U00335,digital_skills,digital_skills,hr_management;digital_skills,marketing:5;leadership:4;operations:2;negotiation:2
U00336,hr_management,hr_management,negotiation;hr_management,marketing:1;digital_skills:1;financial_planning:5;entrepreneurship:1;hr_management:4
U00337,customer_service,customer_service,hr_management;customer_service,bookkeeping:1;sales:5;negotiation:4
U00338,marketing,negotiation;marketing,negotiation;marketing,negotiation:4;leadership:1;operations:3;digital_skills:1;hr_management:2
U00339,financial_planning;customer_service,customer_service,financial_planning;customer_service,digital_skills:3;entrepreneurship:5;operations:5;strategy:3
U00340,marketing;leadership,bookkeeping;leadership,marketing;sales;leadership,customer_service:2;financial_planning:5;sales:5;digital_skills:1
U00341,operations;customer_service,entrepreneurship;customer_service,marketing;digital_skills;customer_service,hr_management:2;entrepreneurship:3;digital_skills:1
U00342,negotiation;customer_service,negotiation;financial_planning,negotiation;leadership,strategy:2;bookkeeping:5;entrepreneurship:1
U00343,negotiation;sales,negotiation,negotiation;sales,bookkeeping:5;customer_service:4;entrepreneurship:1;financial_planning:1
U00344,entrepreneurship;financial_planning,entrepreneurship;leadership,entrepreneurship;sales;strategy,digital_skills:3;hr_management:4;marketing:5;bookkeeping:1
U00345,negotiation,negotiation,negotiation;operations;customer_service,leadership:4;marketing:1;entrepreneurship:1
U00347,strategy,strategy,strategy,negotiation:2;customer_service:3;strategy:3;hr_management:3;operations:5
U00348,bookkeeping;financial_planning,bookkeeping;sales,bookkeeping;customer_service,bookkeeping:1;marketing:2;customer_service:3;operations:5;negotiation:1
U00349,entrepreneurship;hr_management,entrepreneurship,entrepreneurship;marketing;bookkeeping,customer_service:1;hr_management:2;entrepreneurship:4;bookkeeping:3
U00352,entrepreneurship;operations,operations,operations;customer_service,financial_planning:4;hr_management:5;leadership:2;digital_skills:4
U00353,negotiation;hr_management,hr_management,hr_management;operations;strategy,entrepreneurship:2;financial_planning:5;customer_service:1;negotiation:2
U00354,digital_skills,digital_skills,bookkeeping;sales;digital_skills,operations:4;entrepreneurship:4;bookkeeping:5;hr_management:4
U00355,leadership,leadership,sales;digital_skills;leadership,hr_management:5;bookkeeping:4;negotiation:2;customer_service:4
U00356,hr_management;financial_planning,hr_management,entrepreneurship;marketing;hr_management,hr_management:5;customer_service:4;financial_planning:1
U00358,operations;financial_planning,financial_planning,sales;financial_planning,entrepreneurship:3;digital_skills:2;leadership:1
U00359,negotiation;digital_skills,negotiation,negotiation;operations,strategy:1;sales:1;leadership:4;marketing:3
U00361,digital_skills,digital_skills,operations;digital_skills;strategy,marketing:5;digital_skills:5;hr_management:2;entrepreneurship:1;financial_planning:5
U00362,entrepreneurship;digital_skills,digital_skills;financial_planning,operations;digital_skills,operations:4;hr_management:3;bookkeeping:5
U00363,marketing;digital_skills,entrepreneurship;digital_skills,digital_skills;financial_planning,negotiation:5;sales:2;digital_skills:5
U00364,negotiation;sales,negotiation,negotiation;hr_management,financial_planning:1;leadership:4;entrepreneurship:4;strategy:4
U00365,strategy,strategy,bookkeeping;marketing;strategy,digital_skills:5;hr_management:2;marketing:5;strategy:4
U00366,negotiation;operations;entrepreneurship,entrepreneurship;operations,negotiation;operations;customer_service,bookkeeping:1;negotiation:5;entrepreneurship:4
U00367,strategy;customer_service,customer_service,strategy;customer_service,entrepreneurship:2;leadership:2;digital_skills:4
U00368,hr_management,hr_management,bookkeeping;hr_management,digital_skills:3;entrepreneurship:2;negotiation:5;financial_planning:3
U00369,entrepreneurship;leadership;negotiation,entrepreneurship,entrepreneurship;financial_planning,financial_planning:3;negotiation:5;entrepreneurship:5;marketing:3
U00370,entrepreneurship;sales;digital_skills,entrepreneurship;sales,entrepreneurship;financial_planning;customer_service,marketing:4;entrepreneurship:3;digital_skills:5;negotiation:2
U00371,leadership,leadership,entrepreneurship;leadership,digital_skills:3;entrepreneurship:2;leadership:1;strategy:1;marketing:1
U00372,marketing;strategy;customer_service,strategy,strategy;customer_service,financial_planning:2;marketing:2;operations:2;hr_management:3
U00373,customer_service,leadership;customer_service,leadership;customer_service,marketing:5;entrepreneurship:1;financial_planning:1
U00374,entrepreneurship;bookkeeping;negotiation,entrepreneurship,entrepreneurship;marketing;leadership,bookkeeping:2;operations:4;hr_management:1
U00375,operations,bookkeeping;operations,entrepreneurship;bookkeeping;operations,entrepreneurship:3;digital_skills:4;negotiation:2
U00376,operations,operations,bookkeeping;operations,hr_management:1;operations:2;customer_service:5;strategy:3
U00378,digital_skills,digital_skills,sales;digital_skills,bookkeeping:2;sales:2;financial_planning:1;hr_management:2
U00379,sales;operations,operations,negotiation;operations;strategy,leadership:2;operations:3;entrepreneurship:2;digital_skills:2;strategy:3
U00381,marketing;strategy;leadership,strategy,operations;digital_skills;strategy,customer_service:5;leadership:4;hr_management:4;bookkeeping:2
U00382,entrepreneurship;strategy,strategy,marketing;strategy;financial_planning,leadership:4;customer_service:1;digital_skills:1;negotiation:2;hr_management:3
U00383,leadership,sales;leadership,sales;leadership,hr_management:1;negotiation:3;marketing:1;entrepreneurship:3;bookkeeping:2
U00384,negotiation;sales,negotiation,negotiation;leadership;customer_service,strategy:5;sales:3;bookkeeping:5
U00386,bookkeeping;operations;customer_service,entrepreneurship;operations,negotiation;hr_management;operations,sales:4;financial_planning:1;operations:3
U00387,bookkeeping,bookkeeping;marketing,bookkeeping;digital_skills;customer_service,customer_service:1;financial_planning:5;leadership:1
U00389,sales;financial_planning,sales,entrepreneurship;sales;financial_planning,operations:3;bookkeeping:3;digital_skills:3
U00390,bookkeeping;strategy,operations;strategy,digital_skills;strategy,negotiation:3;operations:5;entrepreneurship:1;bookkeeping:1
U00391,leadership,leadership,hr_management;leadership,negotiation:2;digital_skills:3;sales:5;marketing:1;bookkeeping:1
U00392,marketing,marketing,marketing;leadership,leadership:4;hr_management:3;customer_service:2
U00394,negotiation,negotiation,negotiation;marketing;customer_service,entrepreneurship:5;operations:2;bookkeeping:5;strategy:4
U00395,marketing;hr_management,marketing;sales,marketing;leadership,negotiation:2;bookkeeping:2;hr_management:1;strategy:1
U00397,negotiation,negotiation,negotiation;sales;digital_skills,bookkeeping:5;hr_management:3;sales:3;strategy:4
U00398,bookkeeping;marketing;customer_service,customer_service,operations;digital_skills;customer_service,strategy:3;sales:4;digital_skills:2;entrepreneurship:3;bookkeeping:5
U00399,bookkeeping,bookkeeping,bookkeeping;sales,operations:1;marketing:4;leadership:5
U00400,bookkeeping;sales,sales,sales;digital_skills,digital_skills:5;strategy:3;negotiation:1
U00401,bookkeeping;hr_management,hr_management,negotiation;hr_management;digital_skills,leadership:2;sales:5;digital_skills:3
U00402,hr_management;strategy,bookkeeping;hr_management,entrepreneurship;hr_management,bookkeeping:1;sales:1;negotiation:5
U00403,entrepreneurship,entrepreneurship,entrepreneurship;sales;customer_service,negotiation:2;digital_skills:3;entrepreneurship:4;customer_service:2;bookkeeping:2
U00404,entrepreneurship;marketing,negotiation;marketing,negotiation;marketing;financial_planning,marketing:4;strategy:3;customer_service:2
U00405,bookkeeping;marketing;sales,sales,marketing;sales;operations,entrepreneurship:3;operations:1;digital_skills:2
U00407,hr_management,hr_management,hr_management;operations;customer_service,operations:1;sales:1;negotiation:1
U00408,entrepreneurship;sales,entrepreneurship,entrepreneurship;bookkeeping,leadership:4;hr_management:3;operations:5
U00409,negotiation;leadership,negotiation;operations,negotiation;hr_management,negotiation:1;hr_management:3;strategy:5;operations:1
U00410,bookkeeping;sales,bookkeeping,bookkeeping;operations;financial_planning,customer_service:2;digital_skills:1;hr_management:2
U00412,negotiation,negotiation;entrepreneurship,negotiation;marketing;strategy,entrepreneurship:5;hr_management:4;negotiation:3;digital_skills:3
U00413,hr_management;digital_skills;strategy,digital_skills,operations;digital_skills;customer_service,leadership:2;bookkeeping:4;financial_planning:2;operations:5
U00415,entrepreneurship;marketing;leadership,entrepreneurship;leadership,entrepreneurship;leadership,operations:3;financial_planning:5;sales:1
U00416,financial_planning;customer_service,hr_management;customer_service,financial_planning;customer_service,marketing:5;hr_management:2;leadership:1;strategy:3
U00417,negotiation;sales;digital_skills,negotiation,negotiation;sales;financial_planning,hr_management:4;sales:1;digital_skills:3;customer_service:3
U00418,sales,entrepreneurship;sales,marketing;sales;customer_service,sales:3;leadership:3;marketing:1;digital_skills:3;negotiation:5
U00420,hr_management,hr_management;digital_skills,marketing;hr_management,operations:3;hr_management:4;strategy:4;entrepreneurship:4;negotiation:4
U00421,entrepreneurship;digital_skills;financial_planning,entrepreneurship,entrepreneurship;customer_service,sales:2;customer_service:5;strategy:5;hr_management:5
U00422,negotiation,negotiation;marketing,negotiation;entrepreneurship;financial_planning,strategy:1;operations:3;financial_planning:1;bookkeeping:3
U00423,negotiation;customer_service,negotiation,negotiation;bookkeeping;financial_planning,customer_service:5;entrepreneurship:2;strategy:5;financial_planning:4;sales:2
U00424,entrepreneurship;marketing;operations,entrepreneurship;operations,negotiation;operations;financial_planning,customer_service:1;sales:2;bookkeeping:5;negotiation:1
U00425,entrepreneurship,entrepreneurship,entrepreneurship;operations,strategy:1;operations:1;digital_skills:3
U00426,hr_management,hr_management,entrepreneurship;hr_management;customer_service,entrepreneurship:2;customer_service:1;bookkeeping:2;digital_skills:2
U00427,marketing;hr_management;sales,hr_management,hr_management;operations;leadership,entrepreneurship:3;bookkeeping:3;customer_service:4;operations:4
U00428,financial_planning,digital_skills;financial_planning,marketing;financial_planning,operations:1;bookkeeping:5;customer_service:3;digital_skills:1
U00429,sales;operations;customer_service,sales,marketing;sales;operations,operations:5;leadership:5;financial_planning:2;marketing:3;hr_management:5
U00430,entrepreneurship,entrepreneurship,entrepreneurship;hr_management,negotiation:3;customer_service:3;hr_management:4;operations:1;marketing:4
U00431,bookkeeping;customer_service,bookkeeping,bookkeeping;marketing;hr_management,customer_service:1;hr_management:1;negotiation:2;digital_skills:2;bookkeeping:1
U00432,entrepreneurship;leadership,hr_management;leadership,negotiation;leadership,bookkeeping:4;marketing:1;digital_skills:1
U00433,digital_skills,digital_skills,operations;digital_skills,customer_service:3;entrepreneurship:1;financial_planning:4;marketing:4
U00434,negotiation;strategy;customer_service,negotiation,negotiation;leadership,operations:2;entrepreneurship:2;leadership:4;sales:5
U00435,bookkeeping,bookkeeping,bookkeeping;entrepreneurship,bookkeeping:3;sales:4;financial_planning:5;marketing:5;customer_service:1
U00436,negotiation;entrepreneurship;leadership,sales;leadership,leadership;customer_service,strategy:2;hr_management:1;entrepreneurship:4;negotiation:4
U00437,negotiation,negotiation,negotiation;strategy,bookkeeping:1;negotiation:5;operations:5;sales:3
U00438,hr_management;leadership,negotiation;hr_management,bookkeeping;marketing;hr_management,bookkeeping:5;strategy:5;customer_service:5;sales:3
U00439,marketing,marketing,entrepreneurship;marketing;leadership,financial_planning:3;hr_management:2;digital_skills:3
U00440,hr_management,hr_management,hr_management;strategy,hr_management:1;entrepreneurship:5;financial_planning:5;sales:1;operations:3
U00443,bookkeeping;hr_management;strategy,marketing;hr_management,negotiation;hr_management;financial_planning,financial_planning:2;operations:3;strategy:4
U00444,sales,sales,sales;financial_planning,strategy:1;customer_service:5;digital_skills:4
U00445,negotiation;sales,sales,negotiation;sales;digital_skills,marketing:3;bookkeeping:2;operations:3;entrepreneurship:4;hr_management:1
U00446,marketing,marketing,marketing;digital_skills,strategy:1;customer_service:1;financial_planning:1;entrepreneurship:2;sales:4
U00447,sales,sales;hr_management,sales;leadership,customer_service:1;digital_skills:1;operations:1
U00448,sales;operations;leadership,sales;leadership,negotiation;leadership,strategy:3;leadership:3;sales:5;negotiation:5
U00449,bookkeeping;digital_skills,bookkeeping;leadership,bookkeeping;sales,strategy:5;sales:2;leadership:1
U00450,strategy,strategy,negotiation;strategy,entrepreneurship:4;operations:1;bookkeeping:3;financial_planning:3
U00451,bookkeeping;leadership,leadership,digital_skills;leadership;customer_service,financial_planning:1;digital_skills:2;entrepreneurship:2;operations:4
U00452,strategy,strategy,strategy;financial_planning,financial_planning:5;customer_service:2;hr_management:1;leadership:3
U00453,negotiation;digital_skills;leadership,leadership,strategy;leadership,negotiation:4;entrepreneurship:4;leadership:5;strategy:5
U00454,marketing;operations,operations,marketing;operations,leadership:1;entrepreneurship:2;negotiation:5
U00455,marketing;digital_skills;financial_planning,marketing;hr_management,entrepreneurship;marketing;leadership,customer_service:3;financial_planning:2;bookkeeping:4;leadership:4;hr_management:1
U00456,strategy;financial_planning,operations;strategy,digital_skills;strategy,customer_service:5;bookkeeping:5;leadership:3
U00458,strategy;leadership,operations;strategy,sales;strategy,marketing:1;negotiation:1;customer_service:2;financial_planning:5;sales:4
U00459,marketing,marketing,negotiation;marketing,leadership:1;financial_planning:5;hr_management:2;strategy:3
U00460,bookkeeping;sales;operations,sales,sales,customer_service:4;hr_management:3;digital_skills:2;bookkeeping:1
U00461,negotiation;hr_management,negotiation;entrepreneurship,negotiation;operations;leadership,financial_planning:2;marketing:5;hr_management:1;negotiation:1;leadership:5
U00462,entrepreneurship;strategy,entrepreneurship;sales,entrepreneurship;financial_planning;customer_service,negotiation:2;marketing:5;digital_skills:5;bookkeeping:5;strategy:5
U00463,negotiation;bookkeeping;digital_skills,digital_skills,entrepreneurship;digital_skills;strategy,operations:2;hr_management:3;leadership:2;sales:3;customer_service:2
U00464,bookkeeping;sales;leadership,negotiation;leadership,bookkeeping;hr_management;leadership,strategy:4;negotiation:5;bookkeeping:2;hr_management:4
U00465,hr_management,hr_management,hr_management;digital_skills,customer_service:3;entrepreneurship:3;marketing:1;leadership:1;strategy:4
U00466,sales,entrepreneurship;sales,marketing;sales,financial_planning:3;marketing:5;bookkeeping:4;digital_skills:1
U00467,marketing,marketing;financial_planning,bookkeeping;marketing,strategy:4;negotiation:3;digital_skills:2
U00468,bookkeeping;sales;leadership,bookkeeping,bookkeeping;hr_management;customer_service,customer_service:4;bookkeeping:4;financial_planning:4;entrepreneurship:4;hr_management:3
U00469,negotiation;marketing;leadership,leadership,financial_planning;leadership,customer_service:4;hr_management:2;operations:5;digital_skills:5;entrepreneurship:3
U00471,sales;operations,sales;financial_planning,sales;hr_management;leadership,hr_management:2;marketing:4;entrepreneurship:5;financial_planning:3
U00472,negotiation;bookkeeping;hr_management,negotiation;leadership,negotiation;bookkeeping,leadership:2;operations:3;entrepreneurship:3;sales:5
U00473,entrepreneurship,entrepreneurship;marketing,entrepreneurship;sales,strategy:1;marketing:4;financial_planning:1;customer_service:3;sales:2
U00474,operations;digital_skills,digital_skills,bookkeeping;digital_skills;leadership,negotiation:3;bookkeeping:1;operations:2;digital_skills:3;customer_service:1
U00476,bookkeeping;sales;financial_planning,marketing;financial_planning,operations;leadership;financial_planning,negotiation:4;strategy:1;bookkeeping:5;hr_management:3;financial_planning:2
U00477,entrepreneurship;digital_skills;financial_planning,digital_skills,marketing;digital_skills,digital_skills:2;sales:4;entrepreneurship:2;leadership:4;operations:3
U00478,bookkeeping;strategy,bookkeeping,bookkeeping;digital_skills,operations:2;strategy:2;customer_service:1
U00479,marketing;customer_service,entrepreneurship;marketing,entrepreneurship;marketing,operations:2;strategy:3;marketing:4;leadership:4
U00480,operations;customer_service,operations;strategy,bookkeeping;operations;leadership,bookkeeping:4;leadership:3;digital_skills:2
U00481,negotiation,negotiation,negotiation;hr_management;entrepreneurship,hr_management:4;digital_skills:4;marketing:5
U00482,entrepreneurship,entrepreneurship,entrepreneurship;strategy;leadership,digital_skills:3;financial_planning:3;strategy:3
U00483,marketing;digital_skills,marketing;leadership,marketing;leadership,negotiation:3;sales:4;hr_management:4;financial_planning:2
U00484,financial_planning,financial_planning,financial_planning;customer_service,hr_management:1;marketing:4;customer_service:1;strategy:3;financial_planning:3
U00485,bookkeeping;digital_skills;entrepreneurship,digital_skills,hr_management;digital_skills,sales:3;marketing:2;strategy:3;digital_skills:3;negotiation:4
U00486,sales;financial_planning;leadership,leadership,strategy;leadership,strategy:1;digital_skills:2;operations:3
U00487,entrepreneurship,entrepreneurship,entrepreneurship;leadership,bookkeeping:1;digital_skills:1;entrepreneurship:1;marketing:5;leadership:4
U00488,digital_skills;strategy;customer_service,digital_skills,negotiation;digital_skills,digital_skills:4;sales:5;customer_service:1;leadership:3;hr_management:3
U00489,hr_management,entrepreneurship;hr_management,hr_management;digital_skills;leadership,bookkeeping:3;sales:4;digital_skills:3;strategy:5
U00490,marketing;financial_planning,negotiation;marketing,marketing;hr_management;strategy,bookkeeping:2;operations:4;sales:3;financial_planning:4;digital_skills:5
U00491,hr_management;financial_planning,financial_planning,bookkeeping;financial_planning,marketing:2;sales:4;operations:5;entrepreneurship:4;bookkeeping:5
U00492,sales;strategy;financial_planning,strategy;leadership,hr_management;strategy;leadership,financial_planning:5;hr_management:4;customer_service:1
U00493,sales,sales;strategy,entrepreneurship;sales;hr_management,hr_management:5;operations:5;entrepreneurship:1
U00495,marketing,marketing,marketing,negotiation:1;bookkeeping:1;marketing:4;sales:4;operations:2
U00496,negotiation;marketing;operations,negotiation;digital_skills,negotiation;leadership,digital_skills:5;leadership:3;entrepreneurship:5
U00497,entrepreneurship;marketing;customer_service,customer_service,entrepreneurship;strategy;customer_service,customer_service:5;hr_management:3;strategy:4
U00498,negotiation;marketing,marketing,marketing;strategy,operations:2;financial_planning:4;hr_management:1;digital_skills:1;marketing:3
U00499,sales,sales,bookkeeping;sales;hr_management,customer_service:2;operations:1;negotiation:3
U00500,financial_planning,entrepreneurship;financial_planning,sales;financial_planning,leadership:3;digital_skills:5;customer_service:4;negotiation:3
U00501,negotiation;sales;entrepreneurship,negotiation,negotiation;bookkeeping,sales:2;leadership:5;marketing:5;entrepreneurship:4;bookkeeping:3
U00502,marketing;leadership;customer_service,marketing;sales,marketing;financial_planning,sales:2;bookkeeping:2;customer_service:2
U00503,bookkeeping,bookkeeping,bookkeeping;marketing,operations:5;digital_skills:1;negotiation:2;hr_management:5;leadership:4
U00504,negotiation;hr_management,hr_management,hr_management;strategy,bookkeeping:2;customer_service:4;sales:5;marketing:4;leadership:4
U00505,negotiation;entrepreneurship,negotiation,negotiation;hr_management;entrepreneurship,financial_planning:3;hr_management:4;operations:2
U00506,negotiation,negotiation;hr_management,negotiation,sales:5;operations:2;hr_management:1
U00507,bookkeeping;digital_skills,digital_skills;leadership,digital_skills;customer_service,financial_planning:4;entrepreneurship:1;leadership:3;operations:3
U00508,negotiation;operations;financial_planning,negotiation;operations,negotiation;operations,entrepreneurship:1;strategy:5;bookkeeping:2;financial_planning:2;hr_management:2
U00509,marketing,marketing,entrepreneurship;marketing;financial_planning,bookkeeping:5;strategy:1;leadership:3;sales:3
U00510,entrepreneurship,entrepreneurship;strategy,entrepreneurship,digital_skills:2;entrepreneurship:5;financial_planning:2;bookkeeping:3
U00511,hr_management;financial_planning,hr_management;customer_service,negotiation;hr_management,digital_skills:5;marketing:3;financial_planning:1;leadership:3;strategy:4
U00512,bookkeeping;hr_management;customer_service,bookkeeping;hr_management,bookkeeping;hr_management,negotiation:3;bookkeeping:5;marketing:1
U00513,financial_planning,financial_planning,bookkeeping;operations;financial_planning,sales:1;leadership:4;negotiation:3;marketing:2;entrepreneurship:3
U00514,hr_management;digital_skills,hr_management,hr_management;leadership,marketing:4;leadership:3;entrepreneurship:1
U00515,negotiation;hr_management;digital_skills,entrepreneurship;digital_skills,digital_skills;financial_planning,digital_skills:3;marketing:3;strategy:2;sales:3;negotiation:5
U00516,bookkeeping;operations;leadership,operations,sales;operations,financial_planning:4;bookkeeping:2;strategy:4;marketing:5
U00517,bookkeeping;digital_skills;entrepreneurship,bookkeeping,bookkeeping;negotiation,hr_management:3;financial_planning:3;marketing:1;digital_skills:2;operations:3
U00518,marketing;strategy,marketing,marketing;operations,operations:4;customer_service:2;entrepreneurship:3;digital_skills:3;strategy:5
U00519,digital_skills;leadership;financial_planning,financial_planning,strategy;financial_planning,digital_skills:5;negotiation:4;leadership:5
U00520,marketing;hr_management;leadership,hr_management,marketing;hr_management,hr_management:3;financial_planning:4;bookkeeping:4;leadership:2;marketing:4
U00521,strategy,strategy,strategy;leadership,bookkeeping:4;marketing:1;sales:2;customer_service:2
U00522,negotiation;financial_planning,negotiation;marketing,negotiation;bookkeeping;operations,entrepreneurship:4;digital_skills:2;sales:1;operations:4;negotiation:2
U00523,marketing,marketing;hr_management,entrepreneurship;marketing;digital_skills,digital_skills:5;strategy:1;bookkeeping:2;hr_management:5;operations:2
U00524,sales;hr_management,sales;strategy,sales;customer_service,digital_skills:2;bookkeeping:1;sales:2;marketing:3;operations:4
U00525,entrepreneurship;sales,sales,marketing;sales;leadership,digital_skills:3;entrepreneurship:4;operations:2;financial_planning:2
U00526,bookkeeping;marketing;operations,marketing,entrepreneurship;marketing;bookkeeping,digital_skills:5;financial_planning:5;marketing:4;hr_management:4;customer_service:1
U00527,bookkeeping;digital_skills;negotiation,bookkeeping,bookkeeping;digital_skills;leadership,entrepreneurship:4;bookkeeping:3;customer_service:5;operations:3;hr_management:1
U00528,strategy;financial_planning,entrepreneurship;financial_planning,marketing;financial_planning,hr_management:2;customer_service:5;leadership:5
U00529,digital_skills;operations,operations,operations;financial_planning;leadership,operations:1;negotiation:5;hr_management:3
U00530,entrepreneurship;operations,operations;financial_planning,marketing;operations;leadership,digital_skills:3;financial_planning:1;operations:5;hr_management:1
U00531,marketing,marketing;sales,bookkeeping;marketing,bookkeeping:3;marketing:3;entrepreneurship:4;operations:5;digital_skills:2
U00535,operations;strategy;financial_planning,strategy,hr_management;strategy;financial_planning,customer_service:4;entrepreneurship:5;bookkeeping:1
U00536,negotiation;digital_skills;leadership,digital_skills,marketing;digital_skills,leadership:2;entrepreneurship:5;bookkeeping:3;digital_skills:3;customer_service:5
U00537,customer_service,customer_service,operations;customer_service,digital_skills:3;leadership:5;marketing:1
U00538,digital_skills,digital_skills;leadership,digital_skills,financial_planning:3;digital_skills:3;marketing:4
U00539,bookkeeping;hr_management,bookkeeping,bookkeeping;financial_planning,hr_management:5;sales:4;bookkeeping:5;leadership:3;operations:5
U00540,sales;hr_management;financial_planning,sales;hr_management,marketing;sales;operations,negotiation:2;operations:4;sales:3;strategy:4
U00541,bookkeeping;digital_skills;entrepreneurship,digital_skills;strategy,bookkeeping;sales;digital_skills,strategy:4;hr_management:4;leadership:1;customer_service:2;entrepreneurship:5
U00542,hr_management;customer_service,digital_skills;customer_service,leadership;customer_service,negotiation:4;operations:5;sales:1;digital_skills:1;marketing:4
U00543,digital_skills,marketing;digital_skills,negotiation;digital_skills,strategy:4;digital_skills:5;hr_management:3;sales:3
U00544,bookkeeping;entrepreneurship;leadership,strategy;leadership,sales;digital_skills;leadership,operations:2;leadership:4;negotiation:3;marketing:1
U00545,bookkeeping;operations,bookkeeping,bookkeeping;digital_skills,entrepreneurship:1;digital_skills:5;negotiation:2;customer_service:2;sales:5
U00546,bookkeeping,bookkeeping;financial_planning,bookkeeping;sales;customer_service,customer_service:1;entrepreneurship:3;operations:1
U00547,digital_skills;strategy,digital_skills,operations;digital_skills,negotiation:2;sales:3;marketing:2;operations:3
U00548,financial_planning,financial_planning,sales;operations;financial_planning,customer_service:5;operations:1;sales:5;marketing:3;entrepreneurship:2
U00549,bookkeeping;financial_planning;customer_service,customer_service,operations;strategy;customer_service,bookkeeping:1;digital_skills:5;leadership:5;strategy:1
U00550,hr_management;leadership;financial_planning,negotiation;hr_management,hr_management,negotiation:1;strategy:1;operations:2;digital_skills:3
U00551,bookkeeping;marketing;leadership,digital_skills;leadership,marketing;sales;leadership,sales:1;leadership:4;bookkeeping:4;hr_management:2
U00552,leadership,hr_management;leadership,negotiation;leadership,leadership:5;customer_service:3;financial_planning:1;marketing:2;strategy:3
U00553,negotiation;marketing;leadership,marketing,negotiation;marketing;operations,leadership:4;marketing:3;entrepreneurship:2;customer_service:1;negotiation:2
U00554,negotiation,negotiation,negotiation;hr_management;strategy,strategy:2;digital_skills:5;operations:5;marketing:3;hr_management:5
U00555,entrepreneurship;sales,sales,marketing;sales;operations,financial_planning:2;entrepreneurship:3;bookkeeping:2;hr_management:2
U00556,negotiation;bookkeeping;financial_planning,financial_planning,negotiation;operations;financial_planning,entrepreneurship:3;financial_planning:1;strategy:4;sales:1;customer_service:3
U00557,negotiation;strategy,negotiation,negotiation;operations,strategy:2;sales:2;entrepreneurship:4;leadership:2;marketing:1
U00559,bookkeeping;financial_planning,financial_planning,marketing;financial_planning,leadership:5;financial_planning:5;sales:4;customer_service:4;strategy:1
U00560,leadership,entrepreneurship;leadership,sales;leadership,bookkeeping:2;operations:1;negotiation:5;entrepreneurship:5
U00561,entrepreneurship;leadership,entrepreneurship,entrepreneurship;bookkeeping;operations,sales:3;customer_service:4;entrepreneurship:5;operations:3;financial_planning:4
U00562,operations;strategy,operations;strategy,entrepreneurship;operations;leadership,strategy:5;sales:5;hr_management:3;leadership:4
U00563,customer_service,financial_planning;customer_service,operations;strategy;customer_service,marketing:3;negotiation:1;bookkeeping:4;digital_skills:3
U00564,marketing;sales;leadership,leadership,sales;leadership,strategy:4;leadership:1;hr_management:3;negotiation:5
U00565,marketing;hr_management;digital_skills,digital_skills,digital_skills,marketing:3;customer_service:5;negotiation:4
U00566,negotiation;sales,sales,sales;operations;leadership,marketing:3;leadership:4;hr_management:3;customer_service:4
U00567,entrepreneurship;financial_planning,entrepreneurship;financial_planning,entrepreneurship;hr_management,operations:2;leadership:2;financial_planning:3
U00568,marketing;financial_planning,marketing;digital_skills,marketing;hr_management;strategy,negotiation:3;sales:1;entrepreneurship:1;strategy:2;operations:2
U00569,negotiation;sales,sales;financial_planning,negotiation;sales;operations,leadership:4;customer_service:1;entrepreneurship:1
U00570,digital_skills;leadership,operations;digital_skills,bookkeeping;operations;digital_skills,negotiation:4;bookkeeping:2;hr_management:2
U00571,sales;strategy,sales,sales;hr_management,strategy:1;entrepreneurship:2;leadership:1;negotiation:3;customer_service:3
U00573,strategy,strategy,sales;operations;strategy,hr_management:3;negotiation:5;sales:1;leadership:2
U00574,digital_skills;operations,operations,operations;strategy,strategy:5;hr_management:4;financial_planning:1
U00576,strategy,strategy;leadership,entrepreneurship;bookkeeping;strategy,bookkeeping:5;customer_service:2;negotiation:5;strategy:1;entrepreneurship:5
U00578,leadership,leadership,operations;leadership,negotiation:2;marketing:5;hr_management:3;bookkeeping:4
U00579,negotiation;digital_skills,negotiation,negotiation;leadership;customer_service,customer_service:1;digital_skills:2;financial_planning:3
U00580,entrepreneurship;sales,entrepreneurship;strategy,entrepreneurship;negotiation,customer_service:2;hr_management:2;negotiation:2
U00581,marketing,marketing,marketing;strategy,financial_planning:3;marketing:3;strategy:2;hr_management:2;bookkeeping:2
U00582,operations;leadership,operations,hr_management;operations,marketing:4;operations:1;bookkeeping:4
U00583,entrepreneurship;sales;digital_skills,entrepreneurship,entrepreneurship;operations;digital_skills,sales:1;digital_skills:1;customer_service:2
U00584,negotiation;sales;strategy,sales,sales,operations:3;customer_service:4;hr_management:2
U00585,hr_management,hr_management;operations,bookkeeping;hr_management;strategy,financial_planning:4;negotiation:1;digital_skills:3;customer_service:3
U00587,entrepreneurship;strategy,sales;strategy,entrepreneurship;strategy,digital_skills:1;operations:2;financial_planning:2;leadership:2;hr_management:5
U00588,negotiation;marketing;digital_skills,digital_skills;financial_planning,digital_skills;customer_service,negotiation:3;entrepreneurship:5;leadership:4
U00589,marketing;hr_management,hr_management,negotiation;hr_management,marketing:4;hr_management:2;bookkeeping:3;negotiation:4;financial_planning:3
U00591,entrepreneurship;financial_planning,entrepreneurship,entrepreneurship;operations;financial_planning,negotiation:1;marketing:5;digital_skills:4
U00592,marketing;operations;strategy,operations,operations;financial_planning,sales:1;bookkeeping:4;digital_skills:4;entrepreneurship:4
U00593,marketing;operations,operations,negotiation;operations,marketing:5;hr_management:1;strategy:4;entrepreneurship:4
U00594,entrepreneurship;marketing;sales,entrepreneurship,entrepreneurship;marketing,entrepreneurship:4;bookkeeping:3;negotiation:5
U00595,digital_skills,marketing;digital_skills,hr_management;digital_skills;operations,customer_service:3;strategy:4;entrepreneurship:3;leadership:2;marketing:5
U00596,negotiation,negotiation;entrepreneurship,negotiation;sales,financial_planning:2;marketing:2;negotiation:4
U00597,negotiation;operations;financial_planning,sales;financial_planning,sales;operations;financial_planning,customer_service:1;leadership:3;strategy:5;operations:3
U00598,negotiation,negotiation;hr_management,negotiation;operations;strategy,bookkeeping:1;entrepreneurship:3;hr_management:4;strategy:1;leadership:5
U00599,digital_skills,bookkeeping;digital_skills,digital_skills;strategy,leadership:4;marketing:5;hr_management:1;negotiation:5;operations:2
U00600,marketing;sales;financial_planning,financial_planning,sales;financial_planning,negotiation:5;hr_management:3;strategy:5;marketing:2;financial_planning:5
U00601,digital_skills,digital_skills,entrepreneurship;digital_skills,customer_service:2;sales:3;marketing:1;strategy:4;digital_skills:3
U00602,hr_management;digital_skills;operations,hr_management,negotiation;hr_management,financial_planning:3;bookkeeping:2;leadership:5;strategy:5
U00604,negotiation;marketing,negotiation,negotiation;marketing;sales,marketing:5;entrepreneurship:2;digital_skills:2;customer_service:3
U00605,negotiation;marketing,negotiation;bookkeeping,negotiation;sales,marketing:1;entrepreneurship:1;leadership:5;hr_management:3
U00606,operations;strategy;customer_service,strategy,bookkeeping;strategy;leadership,negotiation:3;customer_service:3;operations:1;marketing:4;bookkeeping:3
U00607,entrepreneurship;digital_skills,entrepreneurship,entrepreneurship;sales;leadership,bookkeeping:4;negotiation:4;customer_service:4;hr_management:1;sales:1
U00608,negotiation;digital_skills,digital_skills;leadership,entrepreneurship;digital_skills,hr_management:4;bookkeeping:2;financial_planning:5;entrepreneurship:4
U00609,entrepreneurship;operations,bookkeeping;operations,operations;strategy;customer_service,digital_skills:5;customer_service:1;strategy:5;negotiation:1;financial_planning:5
U00610,leadership,leadership;customer_service,digital_skills;financial_planning;leadership,entrepreneurship:1;operations:4;negotiation:4;strategy:1
U00611,customer_service,customer_service,bookkeeping;leadership;customer_service,financial_planning:3;operations:3;leadership:2;hr_management:3
U00612,strategy,operations;strategy,marketing;sales;strategy,strategy:2;entrepreneurship:4;hr_management:1;digital_skills:3;customer_service:3
U00613,bookkeeping;sales;hr_management,bookkeeping,bookkeeping;entrepreneurship,hr_management:4;customer_service:2;operations:3;marketing:4
U00614,hr_management;leadership,leadership,hr_management;leadership,bookkeeping:3;sales:5;customer_service:5
U00615,marketing;strategy;leadership,leadership;customer_service,sales;leadership,bookkeeping:3;customer_service:2;digital_skills:3
U00616,marketing;sales,bookkeeping;sales,negotiation;sales;customer_service,hr_management:1;sales:2;operations:5
U00617,financial_planning,sales;financial_planning,sales;financial_planning,operations:2;entrepreneurship:1;sales:3
U00618,marketing,marketing;operations,negotiation;marketing;strategy,sales:5;digital_skills:4;marketing:3;strategy:3;entrepreneurship:3
U00619,entrepreneurship;sales,entrepreneurship;strategy,entrepreneurship;bookkeeping;marketing,negotiation:1;sales:5;strategy:4;marketing:5
U00620,sales;operations;hr_management,operations,operations;leadership;customer_service,operations:4;customer_service:5;negotiation:4
U00621,leadership,leadership,entrepreneurship;strategy;leadership,hr_management:1;operations:3;marketing:1
U00623,entrepreneurship;negotiation,entrepreneurship,entrepreneurship;marketing;digital_skills,sales:5;entrepreneurship:3;operations:3;leadership:2
U00624,digital_skills;marketing;operations,operations;financial_planning,negotiation;operations,customer_service:5;bookkeeping:4;entrepreneurship:2;negotiation:2
U00625,negotiation;marketing;hr_management,hr_management,negotiation;bookkeeping;hr_management,bookkeeping:4;negotiation:4;digital_skills:4;customer_service:2
U00626,operations,operations,marketing;hr_management;operations,digital_skills:3;leadership:4;operations:2;bookkeeping:2;marketing:3
U00628,negotiation;operations,negotiation,negotiation;financial_planning;customer_service,strategy:1;financial_planning:2;hr_management:1
U00630,marketing,marketing;digital_skills,marketing;financial_planning;customer_service,hr_management:2;bookkeeping:5;marketing:2;sales:3;operations:1
U00631,entrepreneurship,entrepreneurship;customer_service,entrepreneurship;operations,marketing:5;strategy:1;negotiation:5;operations:1;financial_planning:3
U00633,marketing;leadership;customer_service,leadership,operations;leadership,customer_service:3;marketing:4;negotiation:5
U00634,entrepreneurship;bookkeeping,entrepreneurship,entrepreneurship;sales;hr_management,sales:4;operations:1;negotiation:3
U00635,entrepreneurship;digital_skills,digital_skills,entrepreneurship;digital_skills,hr_management:5;strategy:2;customer_service:3;entrepreneurship:3;digital_skills:2
U00636,entrepreneurship,entrepreneurship,entrepreneurship;digital_skills;negotiation,bookkeeping:1;operations:3;financial_planning:5;entrepreneurship:4
U00637,operations;financial_planning,entrepreneurship;financial_planning,strategy;financial_planning,sales:5;bookkeeping:5;leadership:5
U00638,negotiation;operations,operations,operations;financial_planning,digital_skills:1;sales:4;hr_management:5;strategy:5
U00639,entrepreneurship;hr_management,hr_management,bookkeeping;hr_management,marketing:2;sales:4;hr_management:2;bookkeeping:5
U00640,strategy,strategy,bookkeeping;sales;strategy,financial_planning:4;sales:2;hr_management:3;marketing:4
U00641,bookkeeping,bookkeeping,bookkeeping;digital_skills;entrepreneurship,negotiation:4;entrepreneurship:1;leadership:4;sales:4;customer_service:4
U00642,bookkeeping,bookkeeping;leadership,bookkeeping;entrepreneurship,digital_skills:1;financial_planning:1;operations:1;marketing:2;sales:4
U00643,bookkeeping;marketing;hr_management,bookkeeping;entrepreneurship,bookkeeping;strategy;leadership,leadership:1;customer_service:4;negotiation:2;bookkeeping:1
U00644,sales;digital_skills,digital_skills,operations;digital_skills,bookkeeping:4;negotiation:2;sales:1;financial_planning:1
U00645,hr_management;operations;strategy,strategy,strategy;financial_planning;customer_service,strategy:5;sales:1;entrepreneurship:2;hr_management:3;financial_planning:3
U00647,hr_management,hr_management,marketing;hr_management;digital_skills,strategy:2;bookkeeping:3;sales:4;marketing:1
U00648,bookkeeping,bookkeeping,bookkeeping;marketing;strategy,strategy:1;hr_management:1;financial_planning:4
U00649,hr_management,hr_management,hr_management;financial_planning,bookkeeping:1;entrepreneurship:4;sales:1
U00650,negotiation;customer_service,negotiation,negotiation;entrepreneurship,customer_service:1;strategy:4;bookkeeping:5
U00651,entrepreneurship;marketing,marketing;operations,entrepreneurship;marketing,customer_service:4;leadership:2;hr_management:4;operations:5
U00652,customer_service,customer_service,entrepreneurship;marketing;customer_service,leadership:4;marketing:3;hr_management:2;financial_planning:1
U00653,sales;strategy,marketing;sales,sales;digital_skills,digital_skills:4;operations:4;entrepreneurship:3;customer_service:3
U00654,marketing;digital_skills,digital_skills,sales;digital_skills,sales:5;customer_service:4;negotiation:3;hr_management:3;operations:2
U00655,entrepreneurship;bookkeeping,entrepreneurship;leadership,entrepreneurship;sales;financial_planning,hr_management:4;strategy:5;marketing:4
U00656,strategy;financial_planning,strategy,entrepreneurship;strategy;customer_service,leadership:2;entrepreneurship:4;customer_service:5
U00657,customer_service,customer_service,hr_management;operations;customer_service,negotiation:3;marketing:5;operations:5
U00658,negotiation;entrepreneurship;financial_planning,negotiation,negotiation;bookkeeping,financial_planning:1;negotiation:3;hr_management:3
U00659,entrepreneurship,entrepreneurship,entrepreneurship;bookkeeping;hr_management,hr_management:2;customer_service:3;operations:3;entrepreneurship:1;negotiation:5
U00660,digital_skills,digital_skills,bookkeeping;digital_skills;strategy,digital_skills:3;marketing:2;strategy:1;customer_service:2;operations:4
U00661,hr_management,hr_management,digital_skills;hr_management;operations,marketing:4;financial_planning:5;customer_service:5;hr_management:2
U00662,digital_skills,entrepreneurship;digital_skills,bookkeeping;hr_management;digital_skills,bookkeeping:4;marketing:2;entrepreneurship:1;leadership:2
U00664,bookkeeping;hr_management;customer_service,financial_planning;customer_service,marketing;hr_management;customer_service,sales:1;strategy:4;leadership:3;entrepreneurship:2
U00665,negotiation,negotiation;leadership,negotiation;hr_management;digital_skills,leadership:1;entrepreneurship:3;operations:5
U00666,negotiation;financial_planning;customer_service,negotiation,negotiation;sales;digital_skills,digital_skills:4;negotiation:3;financial_planning:3;leadership:5
U00667,digital_skills;customer_service,marketing;customer_service,negotiation;leadership;customer_service,sales:4;operations:1;leadership:3;customer_service:5;bookkeeping:1
U00668,digital_skills,digital_skills,bookkeeping;digital_skills,hr_management:5;bookkeeping:2;marketing:1
U00669,financial_planning,financial_planning,bookkeeping;financial_planning;customer_service,customer_service:3;entrepreneurship:1;operations:5
U00670,marketing;sales,sales,bookkeeping;sales,bookkeeping:1;financial_planning:1;digital_skills:4;sales:3;strategy:5
U00671,marketing,marketing;customer_service,marketing;operations,negotiation:4;entrepreneurship:2;customer_service:5;financial_planning:1
U00672,strategy,marketing;strategy,negotiation;strategy,negotiation:2;bookkeeping:3;sales:2
U00673,leadership;customer_service,strategy;customer_service,sales;digital_skills;customer_service,hr_management:3;sales:3;strategy:2;financial_planning:1
U00674,sales;hr_management,sales,bookkeeping;sales;entrepreneurship,operations:5;financial_planning:1;bookkeeping:5;hr_management:3;strategy:3
U00675,operations;digital_skills;hr_management,digital_skills;leadership,hr_management;digital_skills;strategy,sales:3;negotiation:4;customer_service:4;marketing:4;financial_planning:3
U00677,sales;operations,sales;operations,marketing;sales,digital_skills:4;negotiation:2;financial_planning:4;marketing:3;hr_management:1
U00678,negotiation;marketing,negotiation,negotiation;bookkeeping,digital_skills:3;operations:3;marketing:2
U00679,entrepreneurship;marketing,entrepreneurship;strategy,entrepreneurship;sales;negotiation,customer_service:2;operations:4;digital_skills:1;negotiation:3
U00681,negotiation;marketing,marketing;customer_service,marketing;sales,operations:3;sales:2;digital_skills:3;negotiation:3;financial_planning:5
U00682,operations,operations,negotiation;hr_management;operations,marketing:1;hr_management:4;customer_service:3;operations:4;bookkeeping:2
U00683,negotiation;hr_management,hr_management,entrepreneurship;hr_management;operations,strategy:2;hr_management:2;customer_service:3;entrepreneurship:5
U00685,sales;strategy;customer_service,strategy,operations;strategy;customer_service,hr_management:4;strategy:2;bookkeeping:5
U00686,negotiation;operations;strategy,bookkeeping;strategy,sales;digital_skills;strategy,negotiation:4;marketing:2;hr_management:2;financial_planning:1
U00687,bookkeeping;operations;strategy,bookkeeping,bookkeeping;hr_management;operations,customer_service:5;strategy:5;sales:1;negotiation:3
U00688,hr_management;strategy;sales,hr_management;sales,hr_management;digital_skills;financial_planning,leadership:1;sales:1;marketing:4;negotiation:1
U00689,strategy,entrepreneurship;strategy,marketing;strategy,operations:3;hr_management:2;bookkeeping:5;leadership:4;negotiation:3
U00690,operations,operations;financial_planning,operations;financial_planning,strategy:3;operations:4;hr_management:5;marketing:1
U00691,hr_management;digital_skills,digital_skills,digital_skills;financial_planning;customer_service,leadership:2;hr_management:4;customer_service:1;financial_planning:1;strategy:2
U00692,marketing;sales;strategy,strategy,negotiation;hr_management;strategy,digital_skills:4;hr_management:4;bookkeeping:5
U00693,entrepreneurship;strategy,negotiation;strategy,strategy,sales:1;operations:3;marketing:2
U00694,entrepreneurship;strategy;leadership,leadership,entrepreneurship;leadership,sales:2;operations:2;financial_planning:2;customer_service:5;negotiation:3
U00695,bookkeeping;entrepreneurship;digital_skills,bookkeeping,bookkeeping;operations;financial_planning,negotiation:2;digital_skills:5;strategy:1;bookkeeping:2;financial_planning:2
U00696,entrepreneurship,entrepreneurship;negotiation,entrepreneurship;customer_service,strategy:2;marketing:5;digital_skills:1;sales:5
U00697,sales;strategy;hr_management,marketing;sales,sales;customer_service,hr_management:4;sales:1;negotiation:3;leadership:4
U00698,entrepreneurship;financial_planning;negotiation,sales;financial_planning,bookkeeping;financial_planning,digital_skills:2;bookkeeping:5;sales:3
U00699,bookkeeping;sales;customer_service,bookkeeping;hr_management,bookkeeping;entrepreneurship;financial_planning,sales:3;customer_service:1;leadership:2;negotiation:2;financial_planning:3
U00700,hr_management;digital_skills;customer_service,digital_skills;customer_service,operations;customer_service,strategy:1;customer_service:5;leadership:1;sales:1
U00701,negotiation;digital_skills;financial_planning,digital_skills;financial_planning,operations;digital_skills,customer_service:2;marketing:2;bookkeeping:4;financial_planning:3;hr_management:1
U00702,leadership;financial_planning,financial_planning,leadership;financial_planning,leadership:1;operations:1;sales:4
U00703,entrepreneurship,entrepreneurship,entrepreneurship;operations,negotiation:5;strategy:4;leadership:1;customer_service:2;financial_planning:2
U00704,negotiation;digital_skills;financial_planning,negotiation,negotiation;operations;digital_skills,marketing:1;financial_planning:3;customer_service:3;entrepreneurship:4
U00705,financial_planning;leadership,sales;leadership,negotiation;leadership,financial_planning:5;entrepreneurship:4;negotiation:2;digital_skills:1
U00706,leadership,operations;leadership,marketing;strategy;leadership,entrepreneurship:2;hr_management:3;strategy:3;customer_service:4
U00707,entrepreneurship;hr_management,entrepreneurship;hr_management,entrepreneurship;marketing,entrepreneurship:4;strategy:1;digital_skills:5;hr_management:3
U00708,marketing;hr_management,marketing;operations,marketing;financial_planning,strategy:5;entrepreneurship:2;marketing:5;hr_management:2
U00710,bookkeeping;digital_skills;strategy,bookkeeping;strategy,strategy,customer_service:5;financial_planning:2;leadership:2
U00711,operations;financial_planning,financial_planning,negotiation;hr_management;financial_planning,digital_skills:4;strategy:1;negotiation:2;sales:4;hr_management:2
U00712,leadership,leadership,operations;leadership,bookkeeping:4;leadership:3;sales:2
U00713,entrepreneurship,entrepreneurship,entrepreneurship;financial_planning,leadership:2;bookkeeping:1;sales:1
U00714,sales,sales;hr_management,sales;financial_planning;customer_service,hr_management:3;digital_skills:4;negotiation:5;sales:5
U00716,entrepreneurship;financial_planning,entrepreneurship;financial_planning,entrepreneurship;hr_management;negotiation,leadership:5;operations:1;digital_skills:4
U00717,entrepreneurship;hr_management;leadership,financial_planning;leadership,operations;financial_planning;leadership,operations:1;leadership:1;strategy:2
U00718,entrepreneurship;bookkeeping;hr_management,hr_management;digital_skills,hr_management;customer_service;sales,financial_planning:4;hr_management:2;leadership:5;strategy:4
U00719,marketing;leadership;customer_service,leadership,bookkeeping;strategy;leadership,operations:4;leadership:5;customer_service:1
U00720,operations,marketing;operations,marketing;operations;leadership,leadership:4;customer_service:1;hr_management:2
U00722,hr_management;operations,hr_management,hr_management;digital_skills,entrepreneurship:2;marketing:2;digital_skills:3;financial_planning:5;leadership:4
U00723,negotiation;sales,sales,marketing;sales,marketing:1;customer_service:4;entrepreneurship:4
U00724,hr_management;digital_skills;financial_planning,entrepreneurship;hr_management,hr_management;digital_skills,financial_planning:4;leadership:1;digital_skills:1;strategy:1
U00725,hr_management;operations,operations;strategy,marketing;operations,financial_planning:5;marketing:2;bookkeeping:2
U00726,marketing;hr_management;strategy,marketing;operations,entrepreneurship;marketing,customer_service:5;digital_skills:1;bookkeeping:2
U00727,marketing;strategy,strategy;financial_planning,strategy;financial_planning,bookkeeping:5;strategy:5;leadership:1
U00728,financial_planning,sales;financial_planning,negotiation;sales;financial_planning,operations:2;negotiation:4;entrepreneurship:5;sales:5;bookkeeping:1
U00729,customer_service,customer_service,operations;customer_service,bookkeeping:3;customer_service:2;marketing:3;sales:4;digital_skills:1
U00730,strategy,digital_skills;strategy,sales;strategy,negotiation:2;hr_management:4;digital_skills:5;operations:5;sales:4
U00731,marketing;sales;digital_skills,operations;digital_skills,digital_skills,financial_planning:2;digital_skills:1;bookkeeping:3;strategy:3;customer_service:4
U00732,hr_management;strategy;leadership,strategy;leadership,operations;strategy,negotiation:4;customer_service:3;strategy:1;marketing:4
U00734,entrepreneurship;bookkeeping;strategy,entrepreneurship;strategy,negotiation;strategy;leadership,strategy:5;sales:2;hr_management:3;customer_service:3;entrepreneurship:2
U00735,entrepreneurship;digital_skills;customer_service,leadership;customer_service,entrepreneurship;negotiation;customer_service,customer_service:2;marketing:3;leadership:5
U00736,financial_planning,financial_planning;customer_service,bookkeeping;financial_planning,negotiation:2;leadership:4;sales:3;customer_service:2;hr_management:4
U00737,leadership;customer_service,strategy;leadership,marketing;leadership,bookkeeping:1;leadership:1;negotiation:2;digital_skills:3;strategy:4
U00738,strategy;leadership;customer_service,sales;strategy,digital_skills;strategy;financial_planning,operations:4;customer_service:3;bookkeeping:1;negotiation:2;digital_skills:2
U00739,operations,operations,operations;leadership,strategy:2;negotiation:1;leadership:4
U00740,negotiation;financial_planning;customer_service,negotiation,negotiation;hr_management,negotiation:2;leadership:2;entrepreneurship:5;digital_skills:5;sales:5
U00741,hr_management;digital_skills;sales,digital_skills,digital_skills;strategy,hr_management:5;sales:5;marketing:1;digital_skills:2;entrepreneurship:1
U00742,operations;strategy;leadership,strategy,sales;strategy,sales:2;negotiation:2;operations:3;marketing:1
U00743,hr_management;digital_skills;leadership,hr_management;operations,hr_management;sales,bookkeeping:4;digital_skills:2;operations:4
U00744,financial_planning;customer_service,sales;customer_service,digital_skills;strategy;customer_service,hr_management:5;financial_planning:4;operations:4;strategy:5
U00745,sales,sales,marketing;sales;digital_skills,sales:4;hr_management:3;entrepreneurship:2
U00746,marketing,marketing;customer_service,entrepreneurship;marketing;financial_planning,sales:4;entrepreneurship:5;bookkeeping:3;operations:3;financial_planning:4
U00747,entrepreneurship;negotiation,entrepreneurship;digital_skills,entrepreneurship;digital_skills,hr_management:3;sales:4;leadership:2;negotiation:2
U00748,entrepreneurship;operations;strategy,operations,digital_skills;operations,financial_planning:1;sales:5;bookkeeping:5;marketing:1
U00749,operations;leadership;customer_service,customer_service,marketing;digital_skills;customer_service,marketing:2;sales:5;digital_skills:1;leadership:2
U00750,financial_planning;customer_service,financial_planning,operations;strategy;financial_planning,marketing:5;sales:1;financial_planning:1;entrepreneurship:1
U00751,customer_service,customer_service,hr_management;strategy;customer_service,marketing:1;negotiation:3;strategy:2;entrepreneurship:3;sales:5
U00752,marketing;strategy;financial_planning,marketing,marketing;financial_planning,marketing:5;negotiation:3;sales:4;hr_management:2
U00753,negotiation;bookkeeping;sales,negotiation,negotiation;bookkeeping,marketing:5;financial_planning:4;leadership:4;operations:5
U00754,operations;strategy,entrepreneurship;operations,negotiation;operations;customer_service,negotiation:2;digital_skills:5;leadership:4;strategy:2;entrepreneurship:1
U00755,sales;leadership;hr_management,sales,negotiation;sales;digital_skills,hr_management:2;financial_planning:1;negotiation:2;operations:4
U00756,customer_service,customer_service,entrepreneurship;customer_service,digital_skills:2;sales:4;marketing:3;financial_planning:4
U00757,marketing;hr_management;operations,marketing,marketing;digital_skills,sales:3;marketing:3;bookkeeping:1
U00758,entrepreneurship;sales,bookkeeping;sales,sales;strategy;hr_management,operations:3;financial_planning:2;negotiation:3;bookkeeping:5;hr_management:2
U00759,financial_planning,financial_planning,negotiation;financial_planning,sales:4;entrepreneurship:4;strategy:3;hr_management:5;financial_planning:4
U00760,marketing;leadership,marketing;financial_planning,marketing;operations,digital_skills:5;strategy:5;financial_planning:1;entrepreneurship:2
U00762,entrepreneurship;operations;negotiation,entrepreneurship;marketing,entrepreneurship;sales,customer_service:4;digital_skills:2;leadership:1
U00763,hr_management,hr_management,hr_management;digital_skills,sales:2;digital_skills:1;marketing:1;entrepreneurship:2;leadership:1
U00764,bookkeeping;sales,sales,entrepreneurship;marketing;sales,bookkeeping:5;negotiation:3;operations:4;hr_management:3
U00765,negotiation;hr_management;customer_service,strategy;customer_service,entrepreneurship;customer_service,negotiation:2;customer_service:1;strategy:4;leadership:4;sales:3
U00766,operations;leadership,financial_planning;leadership,bookkeeping;leadership,strategy:2;sales:4;entrepreneurship:2
U00768,hr_management;digital_skills;financial_planning,digital_skills;financial_planning,bookkeeping;leadership;financial_planning,marketing:1;customer_service:3;operations:1
U00769,marketing;strategy,operations;strategy,hr_management;strategy,bookkeeping:4;leadership:4;sales:5;operations:2
U00770,digital_skills,sales;digital_skills,hr_management;digital_skills,customer_service:4;hr_management:1;negotiation:1
U00771,entrepreneurship;marketing;financial_planning,entrepreneurship;operations,entrepreneurship;negotiation,marketing:1;financial_planning:2;entrepreneurship:3;operations:3;negotiation:3
U00772,customer_service,customer_service,leadership;customer_service,bookkeeping:1;financial_planning:5;customer_service:1;negotiation:2
U00773,operations;digital_skills,digital_skills,digital_skills;leadership;customer_service,strategy:1;bookkeeping:4;customer_service:5;leadership:3;marketing:2
U00774,bookkeeping;strategy,strategy;customer_service,negotiation;strategy,financial_planning:4;digital_skills:4;hr_management:3;marketing:5
U00775,negotiation;digital_skills;customer_service,sales;customer_service,entrepreneurship;hr_management;customer_service,sales:2;operations:1;marketing:1
U00776,negotiation,negotiation,negotiation;operations,marketing:3;bookkeeping:3;leadership:5
U00777,sales;digital_skills,bookkeeping;sales,negotiation;sales,entrepreneurship:4;financial_planning:2;hr_management:3;marketing:1
U00778,marketing;digital_skills,marketing,entrepreneurship;marketing;operations,negotiation:3;hr_management:4;operations:3;marketing:5
U00779,operations,operations,operations;leadership,bookkeeping:1;operations:2;hr_management:2;marketing:5
U00780,sales;leadership,leadership,negotiation;financial_planning;leadership,hr_management:1;negotiation:1;customer_service:4;entrepreneurship:5;strategy:2
U00781,negotiation;entrepreneurship,negotiation;strategy,negotiation;strategy;customer_service,customer_service:5;sales:5;digital_skills:3;financial_planning:5;operations:4
U00782,negotiation;financial_planning,negotiation;customer_service,negotiation;operations,operations:3;customer_service:5;entrepreneurship:2;sales:4
U00783,sales;operations;financial_planning,digital_skills;operations,operations;strategy;financial_planning,financial_planning:2;sales:4;operations:1
U00784,sales,sales;strategy,sales;strategy;financial_planning,entrepreneurship:5;leadership:2;customer_service:5;financial_planning:5;operations:3
U00785,entrepreneurship,entrepreneurship;strategy,entrepreneurship;marketing;strategy,sales:2;financial_planning:4;digital_skills:1;bookkeeping:1;hr_management:2
U00787,entrepreneurship,entrepreneurship,entrepreneurship;marketing;digital_skills,sales:3;marketing:3;hr_management:5;bookkeeping:5
U00788,strategy,strategy,strategy;financial_planning,bookkeeping:1;leadership:4;marketing:3
U00789,negotiation;operations;strategy,negotiation,negotiation;entrepreneurship;customer_service,bookkeeping:2;hr_management:4;negotiation:2;entrepreneurship:5
U00791,bookkeeping;negotiation;customer_service,customer_service,hr_management;customer_service,strategy:4;negotiation:3;sales:1
U00792,digital_skills;strategy,strategy,marketing;sales;strategy,customer_service:5;entrepreneurship:1;operations:2
U00793,hr_management;strategy,hr_management;digital_skills,entrepreneurship;hr_management,financial_planning:2;negotiation:1;operations:5
U00794,negotiation;hr_management;entrepreneurship,negotiation;digital_skills,negotiation;hr_management,bookkeeping:5;marketing:1;negotiation:5;strategy:2
U00795,sales;strategy;hr_management,sales,entrepreneurship;sales,sales:3;leadership:1;strategy:1;digital_skills:1
U00797,leadership,digital_skills;leadership,leadership,digital_skills:1;bookkeeping:4;strategy:3;hr_management:3
U00798,hr_management,hr_management,negotiation;hr_management,marketing:5;strategy:1;customer_service:3
U00799,negotiation;hr_management,negotiation;bookkeeping,negotiation;customer_service,customer_service:1;bookkeeping:3;sales:3
U00800,bookkeeping;strategy,bookkeeping;strategy,bookkeeping;digital_skills,leadership:3;digital_skills:3;bookkeeping:1
U00801,operations,operations,operations,operations:5;hr_management:1;digital_skills:3
U00802,bookkeeping;marketing;sales,marketing,entrepreneurship;marketing,negotiation:2;bookkeeping:2;financial_planning:5;operations:2;sales:4
U00803,sales;leadership;customer_service,sales,sales;strategy,digital_skills:4;sales:2;customer_service:5
U00804,sales,sales;customer_service,sales;leadership;customer_service,sales:3;customer_service:5;bookkeeping:4;digital_skills:1
U00806,entrepreneurship,entrepreneurship;negotiation,entrepreneurship;customer_service,entrepreneurship:2;customer_service:2;bookkeeping:1
U00807,strategy,strategy,entrepreneurship;strategy,marketing:5;sales:1;leadership:2;bookkeeping:1
U00808,operations,bookkeeping;operations,sales;operations,marketing:3;entrepreneurship:3;bookkeeping:4
U00809,entrepreneurship;strategy;leadership,entrepreneurship;strategy,entrepreneurship;strategy,sales:2;digital_skills:2;hr_management:4
U00810,digital_skills;financial_planning,financial_planning,digital_skills;financial_planning,marketing:5;financial_planning:3;entrepreneurship:2;operations:4
U00811,marketing;strategy,strategy;leadership,digital_skills;strategy,operations:5;strategy:4;bookkeeping:3
U00812,bookkeeping,bookkeeping;sales,bookkeeping;operations;digital_skills,marketing:2;operations:1;sales:2;entrepreneurship:4
U00813,entrepreneurship;strategy;financial_planning,financial_planning,leadership;financial_planning,hr_management:5;strategy:3;leadership:4;bookkeeping:1;customer_service:1
U00814,hr_management,hr_management,hr_management;leadership;sales,strategy:4;customer_service:5;entrepreneurship:1;negotiation:2;marketing:1
U00815,sales;digital_skills;strategy,sales;financial_planning,marketing;sales,negotiation:3;leadership:3;digital_skills:5
U00816,entrepreneurship;hr_management,bookkeeping;hr_management,hr_management;operations;customer_service,sales:3;hr_management:3;financial_planning:4
U00817,hr_management;digital_skills;operations,digital_skills,digital_skills;strategy;financial_planning,bookkeeping:4;negotiation:1;customer_service:2;marketing:4;sales:4
U00818,bookkeeping;leadership;negotiation,negotiation;leadership,sales;leadership,sales:3;negotiation:1;hr_management:5;bookkeeping:4;financial_planning:1
U00820,sales,sales,sales;customer_service,bookkeeping:5;leadership:2;customer_service:1
U00821,marketing;strategy,marketing,marketing;operations,digital_skills:1;hr_management:5;bookkeeping:5
U00822,marketing;financial_planning;leadership,negotiation;marketing,marketing;hr_management;operations,negotiation:3;marketing:2;financial_planning:2;bookkeeping:2;customer_service:2
U00823,marketing;sales;operations,operations,marketing;operations,operations:5;financial_planning:2;negotiation:1;sales:1
U00824,sales;digital_skills;hr_management,entrepreneurship;digital_skills,bookkeeping;marketing;digital_skills,operations:2;digital_skills:3;financial_planning:1
U00825,bookkeeping;digital_skills;leadership,leadership,sales;leadership,marketing:4;digital_skills:2;bookkeeping:2
U00826,negotiation;strategy;leadership,operations;leadership,leadership;customer_service,entrepreneurship:2;customer_service:5;sales:4;operations:3;digital_skills:3
U00827,hr_management,hr_management,hr_management;digital_skills,digital_skills:5;strategy:1;operations:2;bookkeeping:1
U00828,entrepreneurship;bookkeeping;strategy,entrepreneurship;digital_skills,entrepreneurship;financial_planning,marketing:1;strategy:5;sales:5;negotiation:5;customer_service:1
U00829,bookkeeping;hr_management;leadership,leadership,hr_management;leadership,marketing:2;negotiation:2;financial_planning:2;digital_skills:1;operations:5
U00830,negotiation;bookkeeping,negotiation,negotiation,operations:1;marketing:1;leadership:1;hr_management:1
U00831,negotiation;operations;financial_planning,operations,entrepreneurship;marketing;operations,bookkeeping:4;negotiation:5;sales:3;operations:1;entrepreneurship:5
U00832,digital_skills,hr_management;digital_skills,entrepreneurship;bookkeeping;digital_skills,entrepreneurship:1;leadership:5;negotiation:2;customer_service:5;marketing:5
U00833,marketing;operations,marketing,marketing,strategy:4;customer_service:4;financial_planning:1;hr_management:5
U00834,entrepreneurship,entrepreneurship,entrepreneurship;financial_planning,leadership:1;sales:3;digital_skills:5;hr_management:3;strategy:5
U00835,leadership;customer_service,leadership,digital_skills;leadership,leadership:3;strategy:3;sales:1
U00836,digital_skills,negotiation;digital_skills,digital_skills;strategy,financial_planning:2;entrepreneurship:2;operations:4;negotiation:5;digital_skills:5
U00837,negotiation;hr_management;financial_planning,negotiation,negotiation;bookkeeping,leadership:4;financial_planning:3;bookkeeping:5
U00838,marketing;strategy;financial_planning,entrepreneurship;marketing,entrepreneurship;marketing,operations:4;negotiation:2;sales:5;strategy:1;customer_service:4
U00839,operations,operations,negotiation;operations,customer_service:5;entrepreneurship:5;leadership:3;marketing:4
U00840,strategy,strategy,negotiation;marketing;strategy,negotiation:1;strategy:3;digital_skills:3;sales:1
U00841,customer_service,leadership;customer_service,marketing;hr_management;customer_service,leadership:2;financial_planning:3;marketing:3;digital_skills:5
U00842,sales,sales,sales;operations,leadership:5;digital_skills:5;negotiation:5;customer_service:5
U00844,entrepreneurship,entrepreneurship,entrepreneurship;sales;strategy,strategy:2;negotiation:4;marketing:5;leadership:1;hr_management:3
U00845,entrepreneurship;strategy;financial_planning,sales;strategy,sales;strategy,hr_management:3;sales:5;strategy:3
U00846,customer_service,negotiation;customer_service,marketing;customer_service,bookkeeping:4;negotiation:5;customer_service:4
U00847,strategy,strategy,sales;strategy,bookkeeping:2;entrepreneurship:4;sales:3;operations:2;customer_service:1
U00848,strategy,strategy,strategy;customer_service,operations:5;hr_management:4;digital_skills:5;bookkeeping:5;negotiation:1
U00849,hr_management,hr_management,hr_management;financial_planning,bookkeeping:5;hr_management:5;digital_skills:1;negotiation:2;marketing:4
U00850,negotiation;operations;financial_planning,negotiation;financial_planning,bookkeeping;financial_planning;customer_service,digital_skills:3;financial_planning:5;customer_service:3;sales:2;negotiation:1
U00851,bookkeeping;operations;negotiation,bookkeeping;operations,negotiation;sales;operations,strategy:5;operations:2;hr_management:4;financial_planning:2
U00852,marketing;sales;leadership,leadership,sales;leadership,leadership:1;hr_management:1;entrepreneurship:3;digital_skills:1
U00853,marketing;leadership;financial_planning,negotiation;financial_planning,hr_management;financial_planning,financial_planning:4;hr_management:4;sales:1;operations:5;digital_skills:1
U00854,strategy,strategy;financial_planning,sales;strategy,strategy:4;sales:4;hr_management:5
U00855,negotiation,negotiation;marketing,negotiation;bookkeeping;hr_management,sales:3;bookkeeping:3;marketing:1;negotiation:4;leadership:5
U00856,leadership;customer_service,leadership,entrepreneurship;operations;leadership,strategy:5;entrepreneurship:3;marketing:3;sales:1
U00857,strategy;leadership,leadership,sales;hr_management;leadership,sales:2;operations:4;strategy:1;customer_service:2
U00858,bookkeeping;customer_service,bookkeeping,bookkeeping,hr_management:5;operations:5;financial_planning:1;customer_service:3;negotiation:3
U00859,entrepreneurship,entrepreneurship;leadership,entrepreneurship;digital_skills,negotiation:3;customer_service:5;entrepreneurship:5;digital_skills:5;strategy:4
U00860,marketing;sales;leadership,sales;customer_service,entrepreneurship;sales;customer_service,marketing:1;hr_management:3;customer_service:1
U00861,strategy;customer_service,strategy,sales;strategy,marketing:2;sales:4;leadership:4
U00862,leadership,leadership;customer_service,strategy;leadership,marketing:4;digital_skills:1;bookkeeping:4;operations:2
U00863,bookkeeping;strategy,bookkeeping,bookkeeping;hr_management,entrepreneurship:5;customer_service:1;hr_management:3;sales:1;marketing:3
U00865,operations,operations,hr_management;operations;financial_planning,marketing:4;digital_skills:3;customer_service:1;hr_management:5;negotiation:4
U00866,marketing;digital_skills,marketing,marketing;financial_planning,operations:5;digital_skills:3;bookkeeping:5;marketing:3;sales:1
U00867,strategy,digital_skills;strategy,sales;strategy,leadership:2;strategy:4;negotiation:2;financial_planning:1;entrepreneurship:1
U00868,digital_skills;customer_service,digital_skills,digital_skills;financial_planning,digital_skills:1;strategy:1;sales:2
U00869,digital_skills;financial_planning,digital_skills,digital_skills,financial_planning:5;customer_service:1;leadership:3;bookkeeping:1;entrepreneurship:4
U00870,sales,sales,entrepreneurship;sales;digital_skills,marketing:3;financial_planning:1;hr_management:4;sales:4;leadership:4
U00871,marketing;operations,operations,digital_skills;marketing;operations,entrepreneurship:3;marketing:1;customer_service:5;negotiation:1
U00872,entrepreneurship;negotiation,entrepreneurship;digital_skills,entrepreneurship;marketing,negotiation:4;customer_service:5;bookkeeping:5;leadership:3;financial_planning:1
U00874,sales;financial_planning,financial_planning,hr_management;financial_planning,negotiation:4;marketing:1;sales:4;hr_management:5
U00876,leadership,leadership,bookkeeping;leadership,marketing:4;financial_planning:2;digital_skills:5;bookkeeping:3;sales:2
U00877,hr_management;financial_planning;customer_service,bookkeeping;financial_planning,sales;financial_planning,bookkeeping:3;entrepreneurship:3;strategy:5;leadership:1
U00878,hr_management,hr_management;financial_planning,hr_management;digital_skills,strategy:3;financial_planning:3;bookkeeping:1;digital_skills:2
U00879,bookkeeping;operations;leadership,operations,marketing;operations,negotiation:2;operations:1;strategy:1;marketing:2
U00880,hr_management;customer_service,hr_management,entrepreneurship;hr_management,leadership:2;strategy:5;digital_skills:5
U00881,negotiation;marketing,marketing;sales,marketing;sales;strategy,bookkeeping:5;strategy:3;marketing:4
U00882,operations,negotiation;operations,operations,customer_service:4;strategy:4;digital_skills:1;negotiation:4;bookkeeping:4
U00883,hr_management;strategy,hr_management,hr_management,digital_skills:1;strategy:2;marketing:2
U00884,hr_management;operations,operations,digital_skills;operations,entrepreneurship:1;hr_management:3;financial_planning:4;negotiation:5;operations:2
U00885,entrepreneurship;marketing;strategy,strategy,hr_management;strategy,digital_skills:2;operations:4;customer_service:5;financial_planning:5;leadership:5
U00886,marketing;strategy;financial_planning,strategy,hr_management;strategy,customer_service:4;sales:5;strategy:3
U00887,entrepreneurship;customer_service,customer_service,hr_management;customer_service,customer_service:3;strategy:3;entrepreneurship:4;bookkeeping:5;negotiation:5
U00888,operations,bookkeeping;operations,marketing;sales;operations,digital_skills:5;operations:2;negotiation:1;entrepreneurship:5;sales:4
U00889,operations,operations,operations;customer_service,operations:5;digital_skills:4;strategy:2;marketing:2;entrepreneurship:3
U00890,customer_service,negotiation;customer_service,entrepreneurship;customer_service,hr_management:2;entrepreneurship:2;strategy:3;financial_planning:1;digital_skills:3
U00891,hr_management;digital_skills,negotiation;hr_management,entrepreneurship;hr_management;operations,financial_planning:5;negotiation:2;bookkeeping:3;marketing:3;leadership:3
U00892,sales;digital_skills;operations,sales,sales;hr_management,leadership:4;marketing:2;sales:2;entrepreneurship:5;negotiation:5
U00894,bookkeeping,bookkeeping,bookkeeping;marketing;strategy,negotiation:4;operations:2;marketing:5;hr_management:2
U00895,negotiation;marketing;sales,marketing;strategy,bookkeeping;marketing;sales,bookkeeping:1;strategy:4;digital_skills:5;hr_management:3;entrepreneurship:4
U00897,entrepreneurship,entrepreneurship;operations,entrepreneurship;sales;leadership,sales:1;leadership:5;customer_service:5
U00898,sales,sales;customer_service,marketing;sales;financial_planning,strategy:2;hr_management:3;customer_service:1
U00899,entrepreneurship;sales,entrepreneurship;leadership,entrepreneurship;hr_management,operations:2;bookkeeping:1;hr_management:2;customer_service:2
U00900,hr_management,hr_management;operations,hr_management;sales,operations:5;hr_management:3;financial_planning:2;customer_service:1
U00901,customer_service,customer_service,marketing;operations;customer_service,customer_service:4;strategy:5;bookkeeping:1;entrepreneurship:5
U00902,bookkeeping,bookkeeping;financial_planning,bookkeeping;marketing;hr_management,strategy:3;negotiation:4;entrepreneurship:2
U00903,strategy,digital_skills;strategy,hr_management;strategy,strategy:3;digital_skills:3;operations:2;negotiation:2;customer_service:4
U00904,entrepreneurship;hr_management;customer_service,strategy;customer_service,negotiation;customer_service,hr_management:2;negotiation:5;customer_service:2;leadership:3
U00908,hr_management,hr_management,hr_management;financial_planning,financial_planning:3;marketing:2;leadership:5
U00909,entrepreneurship,entrepreneurship,entrepreneurship;marketing,bookkeeping:1;hr_management:3;entrepreneurship:3;negotiation:4;sales:1
U00910,entrepreneurship;digital_skills;customer_service,customer_service,leadership;customer_service,leadership:4;strategy:5;entrepreneurship:5;digital_skills:4
U00911,hr_management;digital_skills;sales,entrepreneurship;hr_management,negotiation;hr_management;leadership,digital_skills:5;marketing:2;financial_planning:3;entrepreneurship:3;hr_management:2
U00913,strategy,strategy,negotiation;strategy,sales:2;bookkeeping:5;marketing:2
U00914,entrepreneurship;sales;financial_planning,sales;customer_service,sales;financial_planning,negotiation:2;financial_planning:4;bookkeeping:3;strategy:4
U00915,operations;strategy,strategy;financial_planning,operations;strategy,strategy:2;bookkeeping:3;operations:4;marketing:4
U00916,hr_management;operations;strategy,operations,digital_skills;operations,customer_service:2;financial_planning:5;hr_management:1
U00917,negotiation;hr_management;operations,entrepreneurship;hr_management,negotiation;hr_management,digital_skills:2;financial_planning:4;strategy:1
U00918,leadership,leadership,entrepreneurship;sales;leadership,operations:5;sales:2;customer_service:1
U00919,negotiation,negotiation,negotiation,marketing:5;bookkeeping:1;digital_skills:3;hr_management:2
U00920,operations,operations,hr_management;operations,hr_management:3;sales:5;customer_service:3;strategy:3;entrepreneurship:4
U00921,entrepreneurship;operations;financial_planning,sales;financial_planning,digital_skills;financial_planning,sales:3;financial_planning:3;customer_service:5;hr_management:4
U00922,bookkeeping;marketing;hr_management,hr_management;customer_service,marketing;hr_management;financial_planning,marketing:3;operations:2;bookkeeping:5;negotiation:4;financial_planning:5
U00924,leadership,negotiation;leadership,marketing;leadership;customer_service,strategy:1;sales:2;marketing:3;customer_service:4;financial_planning:1
U00925,hr_management,hr_management,hr_management;leadership,operations:3;customer_service:2;negotiation:3;strategy:5;entrepreneurship:3
U00926,entrepreneurship;digital_skills;strategy,entrepreneurship,entrepreneurship;sales,leadership:4;negotiation:1;sales:5
U00927,bookkeeping;sales;hr_management,bookkeeping;sales,marketing;sales,customer_service:5;bookkeeping:3;financial_planning:1;marketing:1;strategy:3
U00928,entrepreneurship;marketing,marketing,marketing;customer_service,financial_planning:4;customer_service:1;digital_skills:2
U00929,bookkeeping;strategy,strategy,digital_skills;strategy,entrepreneurship:1;marketing:2;negotiation:2
U00930,negotiation;operations;strategy,operations;strategy,strategy;financial_planning,customer_service:1;entrepreneurship:1;bookkeeping:4
U00931,strategy,strategy,bookkeeping;strategy,negotiation:5;financial_planning:4;operations:2;marketing:2;hr_management:5
U00932,strategy,strategy,sales;strategy;customer_service,digital_skills:1;hr_management:2;sales:4;strategy:3
U00933,leadership,leadership,bookkeeping;marketing;leadership,leadership:4;financial_planning:5;strategy:2
U00935,entrepreneurship;hr_management,hr_management,hr_management;customer_service,digital_skills:3;marketing:3;financial_planning:4;sales:1
U00936,entrepreneurship;financial_planning;leadership,leadership,marketing;leadership;customer_service,financial_planning:1;bookkeeping:2;sales:3;operations:2
U00937,strategy;customer_service,strategy;customer_service,digital_skills;leadership;customer_service,sales:1;financial_planning:2;leadership:1
U00938,sales;financial_planning,bookkeeping;sales,marketing;sales;customer_service,sales:1;strategy:2;operations:5;leadership:5
U00939,bookkeeping;negotiation,bookkeeping;digital_skills,bookkeeping;digital_skills,marketing:5;negotiation:1;leadership:3
U00940,leadership,leadership,negotiation;leadership,leadership:1;financial_planning:5;sales:3;entrepreneurship:4;bookkeeping:4
U00941,hr_management;operations,operations;leadership,hr_management;operations,customer_service:3;entrepreneurship:4;hr_management:2;negotiation:2
U00942,negotiation,negotiation,negotiation;operations;digital_skills,bookkeeping:1;financial_planning:1;strategy:5
U00943,strategy,strategy,sales;strategy,operations:1;digital_skills:4;leadership:2
U00944,customer_service,customer_service,negotiation;customer_service,hr_management:1;operations:3;bookkeeping:1;marketing:4;financial_planning:1
U00945,financial_planning,operations;financial_planning,sales;financial_planning,operations:1;sales:1;hr_management:3
U00946,operations;leadership;financial_planning,sales;financial_planning,bookkeeping;marketing;financial_planning,sales:3;financial_planning:5;entrepreneurship:5;digital_skills:3;marketing:4
U00947,entrepreneurship;customer_service,entrepreneurship;operations,entrepreneurship;sales,strategy:2;financial_planning:2;hr_management:5
U00948,leadership,digital_skills;leadership,bookkeeping;marketing;leadership,customer_service:2;bookkeeping:4;strategy:1;sales:1
U00949,digital_skills;strategy,digital_skills;strategy,strategy;leadership,entrepreneurship:1;customer_service:1;financial_planning:4;bookkeeping:5
U00950,bookkeeping;customer_service,financial_planning;customer_service,negotiation;customer_service,leadership:5;customer_service:3;sales:5;strategy:1;bookkeeping:3
U00951,bookkeeping;hr_management;strategy,strategy,strategy;leadership,customer_service:4;strategy:5;financial_planning:5;leadership:4;operations:2
U00952,strategy,strategy;customer_service,entrepreneurship;bookkeeping;strategy,digital_skills:1;customer_service:4;strategy:4;leadership:1
U00953,negotiation;leadership,negotiation,negotiation;operations;customer_service,sales:4;negotiation:2;marketing:2;hr_management:5
U00954,hr_management;leadership;customer_service,hr_management,bookkeeping;hr_management;financial_planning,leadership:2;marketing:4;digital_skills:1;entrepreneurship:5;financial_planning:4
U00955,bookkeeping;marketing;financial_planning,financial_planning,marketing;financial_planning,entrepreneurship:5;negotiation:1;financial_planning:2;leadership:3;bookkeeping:5
U00956,strategy;customer_service,marketing;strategy,bookkeeping;strategy,financial_planning:5;strategy:1;entrepreneurship:1;leadership:5
U00958,strategy,strategy,bookkeeping;strategy,hr_management:5;strategy:4;entrepreneurship:5;sales:3
U00959,customer_service,customer_service,financial_planning;customer_service,strategy:3;financial_planning:4;digital_skills:1;operations:2
U00960,operations;customer_service,operations,digital_skills;operations;customer_service,entrepreneurship:2;negotiation:5;bookkeeping:4
U00961,marketing;leadership;customer_service,strategy;customer_service,operations;customer_service,digital_skills:1;customer_service:5;operations:3;financial_planning:2;leadership:1
U00962,negotiation,negotiation;bookkeeping,negotiation;digital_skills;financial_planning,strategy:4;entrepreneurship:3;sales:5;marketing:5
U00963,entrepreneurship;hr_management;digital_skills,entrepreneurship,entrepreneurship;customer_service,entrepreneurship:5;digital_skills:4;marketing:3;leadership:5;financial_planning:4
U00964,strategy,strategy;customer_service,leadership;strategy;financial_planning,strategy:4;leadership:1;marketing:2;bookkeeping:5
U00965,marketing,marketing,marketing;sales;customer_service,digital_skills:1;leadership:5;strategy:5;customer_service:2;marketing:3
U00966,negotiation;digital_skills;strategy,digital_skills,digital_skills,leadership:2;digital_skills:5;operations:4
U00967,sales,sales;financial_planning,bookkeeping;sales,bookkeeping:3;sales:5;negotiation:2;entrepreneurship:2
U00968,customer_service,customer_service,operations;customer_service,digital_skills:1;financial_planning:3;hr_management:3;marketing:5;sales:5
U00969,negotiation;customer_service,customer_service,hr_management;customer_service,leadership:1;operations:5;marketing:1;negotiation:4
U00970,bookkeeping,bookkeeping,bookkeeping;financial_planning;leadership,digital_skills:1;negotiation:5;bookkeeping:2;operations:3;strategy:5
U00971,negotiation;entrepreneurship;financial_planning,negotiation,negotiation;operations;strategy,bookkeeping:4;leadership:3;negotiation:4
U00972,operations,operations,marketing;operations;customer_service,entrepreneurship:4;digital_skills:5;leadership:5;strategy:5
U00973,sales,negotiation;sales,sales;strategy;leadership,customer_service:3;leadership:5;bookkeeping:3;hr_management:3
U00974,digital_skills,digital_skills,digital_skills;customer_service,negotiation:1;customer_service:4;marketing:3
U00975,negotiation;marketing,marketing,bookkeeping;marketing;negotiation,bookkeeping:5;digital_skills:5;financial_planning:5;sales:4
U00976,sales,negotiation;sales,bookkeeping;sales,customer_service:4;leadership:4;hr_management:1;negotiation:1;financial_planning:1
U00977,negotiation;leadership;customer_service,negotiation,negotiation;strategy;customer_service,marketing:4;financial_planning:3;leadership:5;digital_skills:5
U00978,digital_skills;strategy,strategy,digital_skills;strategy;leadership,financial_planning:4;leadership:3;hr_management:4
U00979,sales;strategy,sales,sales;hr_management;leadership,sales:1;strategy:4;customer_service:2
U00980,strategy;leadership,digital_skills;strategy,entrepreneurship;strategy,digital_skills:1;hr_management:1;leadership:4
U00981,hr_management;operations;customer_service,operations,operations;financial_planning,entrepreneurship:2;digital_skills:2;marketing:3;customer_service:2;bookkeeping:4
U00982,negotiation;marketing,marketing;leadership,marketing;hr_management,bookkeeping:2;digital_skills:3;financial_planning:1;negotiation:1;strategy:3
U00984,bookkeeping;strategy,bookkeeping;financial_planning,bookkeeping;strategy,bookkeeping:5;operations:4;customer_service:4
U00985,marketing;sales;digital_skills,digital_skills,digital_skills;customer_service,hr_management:2;operations:4;financial_planning:3;leadership:2;entrepreneurship:4
U00986,bookkeeping;marketing,marketing,marketing;strategy,sales:4;operations:3;hr_management:5;negotiation:4
U00987,operations;financial_planning;leadership,entrepreneurship;leadership,hr_management;leadership,strategy:1;marketing:5;leadership:2;entrepreneurship:5
U00988,bookkeeping;hr_management,bookkeeping;financial_planning,bookkeeping;entrepreneurship,leadership:4;negotiation:3;hr_management:2;entrepreneurship:2
U00989,strategy,strategy,sales;strategy,negotiation:5;operations:5;leadership:4
U00990,negotiation;bookkeeping;digital_skills,operations;digital_skills,negotiation;sales;digital_skills,leadership:1;entrepreneurship:2;marketing:5;operations:5;customer_service:4
U00991,hr_management,hr_management,entrepreneurship;hr_management,financial_planning:1;bookkeeping:3;customer_service:3;digital_skills:2;sales:1
U00992,marketing,negotiation;marketing,marketing;leadership,sales:1;hr_management:1;negotiation:5;leadership:1;financial_planning:4
U00993,strategy;leadership,leadership,marketing;hr_management;leadership,leadership:3;negotiation:4;hr_management:1;entrepreneurship:5
U00994,bookkeeping;hr_management,bookkeeping;customer_service,bookkeeping;operations,strategy:5;bookkeeping:1;financial_planning:2;hr_management:5;sales:4
U00996,strategy;customer_service,customer_service,strategy;customer_service,marketing:4;customer_service:5;financial_planning:2;leadership:4;hr_management:1
U00997,entrepreneurship;operations,operations,digital_skills;sales;operations,bookkeeping:4;customer_service:3;strategy:2
U00998,sales,sales,marketing;sales;strategy,sales:2;customer_service:1;bookkeeping:5
U00999,marketing;financial_planning,financial_planning,strategy;financial_planning,financial_planning:2;customer_service:1;strategy:1;sales:1;marketing:1
U01000,financial_planning,financial_planning,bookkeeping;financial_planning,strategy:1;digital_skills:1;operations:1;entrepreneurship:5;negotiation:5
