user_id,course_id,event_type,progress_pct,quiz_score,timestamp
U00001,C0017,completed,100,92,2026-05-07T05:40:43
U00001,C0147,started,40,,2026-03-02T02:40:43
U00001,C0168,completed,100,45,2026-02-20T19:40:43
U00001,C0121,completed,100,88,2026-03-02T15:40:43
U00003,C0155,dropped,17,,2026-07-13T11:40:43
U00003,C0177,completed,100,88,2026-04-09T06:40:43
U00003,C0185,dropped,53,,2026-03-31T09:40:43
U00003,C0178,completed,100,97,2026-01-30T23:40:43
U00004,C0189,dropped,43,,2026-06-28T13:40:43
U00006,C0015,completed,100,46,2026-04-09T16:40:43
U00006,C0153,completed,100,70,2026-07-10T19:40:43
U00006,C0087,completed,100,75,2026-05-31T02:40:43
U00006,C0125,completed,100,76,2026-02-26T16:40:43
U00006,C0125,completed,100,90,2026-07-17T19:40:43
U00006,C0126,completed,100,73,2026-02-08T17:40:43
U00006,C0128,completed,100,44,2026-04-19T11:40:43
U00006,C0126,started,68,,2026-07-01T17:40:43
U00007,C0120,started,21,,2026-06-17T22:40:43
U00007,C0095,dropped,28,,2026-04-15T11:40:43
U00007,C0115,completed,100,40,2026-02-25T00:40:43
U00007,C0031,completed,100,72,2026-05-02T08:40:43
U00008,C0131,completed,100,48,2026-03-19T02:40:43
U00008,C0134,completed,100,46,2026-03-04T14:40:43
U00008,C0165,started,87,,2026-02-19T23:40:43
U00008,C0105,started,28,,2026-02-16T20:40:43
U00009,C0073,completed,100,63,2026-05-14T07:40:43
U00011,C0162,completed,100,89,2026-03-14T07:40:43
U00011,C0165,started,56,,2026-03-16T11:40:43
U00011,C0002,started,61,,2026-05-25T13:40:43
U00012,C0002,completed,100,53,2026-06-17T03:40:43
U00012,C0118,completed,100,98,2026-02-27T16:40:43
U00012,C0009,started,21,,2026-03-18T19:40:43
U00012,C0134,started,43,,2026-03-28T04:40:43
U00012,C0014,started,79,,2026-04-17T11:40:43
U00012,C0002,completed,100,100,2026-02-27T15:40:43
U00012,C0003,started,57,,2026-07-20T16:40:43
U00012,C0015,dropped,18,,2026-02-03T09:40:43
U00012,C0014,started,15,,2026-04-20T04:40:43
U00012,C0114,dropped,22,,2026-05-31T10:40:43
U00012,C0003,dropped,45,,2026-01-28T11:40:43
U00014,C0154,completed,100,60,2026-01-24T02:40:43
U00016,C0103,dropped,57,,2026-04-24T07:40:43
U00016,C0105,dropped,19,,2026-04-06T12:40:43
U00016,C0101,dropped,30,,2026-05-02T18:40:43
U00016,C0099,started,52,,2026-07-10T07:40:43
U00017,C0150,started,47,,2026-05-27T12:40:43
U00017,C0153,completed,100,96,2026-05-21T01:40:43
U00017,C0046,completed,100,65,2026-05-12T18:40:43
U00017,C0158,completed,100,77,2026-03-03T04:40:43
U00018,C0135,completed,100,51,2026-05-01T04:40:43
U00018,C0122,completed,100,48,2026-03-05T10:40:43
U00018,C0114,completed,100,68,2026-05-11T13:40:43
U00018,C0124,completed,100,61,2026-04-22T09:40:43
U00018,C0125,started,82,,2026-06-04T12:40:43
U00018,C0146,completed,100,61,2026-04-29T08:40:43
U00018,C0122,completed,100,82,2026-02-18T08:40:43
U00018,C0019,dropped,64,,2026-03-13T23:40:43
U00018,C0113,started,47,,2026-01-21T21:40:43
U00019,C0038,completed,100,65,2026-02-13T00:40:43
U00020,C0067,completed,100,40,2026-06-29T14:40:43
U00020,C0063,dropped,50,,2026-07-06T11:40:43
U00020,C0062,completed,100,84,2026-07-09T09:40:43
U00020,C0059,started,33,,2026-04-23T15:40:43
U00020,C0153,completed,100,96,2026-02-13T01:40:43
U00020,C0058,started,73,,2026-06-25T21:40:43
U00020,C0047,completed,100,43,2026-04-21T13:40:43
U00020,C0172,completed,100,98,2026-05-22T14:40:43
U00020,C0018,started,60,,2026-05-08T14:40:43
U00020,C0065,started,84,,2026-06-21T11:40:43
U00026,C0154,completed,100,98,2026-06-27T04:40:43
U00026,C0086,dropped,50,,2026-04-24T04:40:43
U00026,C0171,started,56,,2026-04-13T09:40:43
U00028,C0033,completed,100,65,2026-02-24T22:40:43
U00028,C0130,started,59,,2026-03-30T20:40:43
U00028,C0040,dropped,69,,2026-05-13T13:40:43
U00028,C0183,completed,100,76,2026-05-09T02:40:43
U00029,C0001,completed,100,69,2026-04-16T06:40:43
U00029,C0001,started,54,,2026-07-19T09:40:43
U00029,C0013,completed,100,48,2026-04-12T06:40:43
U00031,C0114,completed,100,82,2026-02-24T13:40:43
U00031,C0056,completed,100,94,2026-06-27T09:40:43
U00031,C0114,completed,100,81,2026-04-04T14:40:43
U00034,C0008,started,24,,2026-06-28T23:40:43
U00034,C0008,completed,100,79,2026-07-20T02:40:43
U00034,C0095,completed,100,96,2026-02-26T18:40:43
U00034,C0143,completed,100,76,2026-06-04T09:40:43
U00036,C0093,started,40,,2026-04-04T14:40:43
U00036,C0033,dropped,23,,2026-03-26T00:40:43
U00036,C0086,started,69,,2026-03-25T11:40:43
U00036,C0033,dropped,19,,2026-06-28T00:40:43
U00036,C0049,started,65,,2026-01-23T06:40:43
U00036,C0086,started,77,,2026-06-19T19:40:43
U00036,C0096,completed,100,83,2026-04-18T17:40:43
U00036,C0084,completed,100,72,2026-04-01T05:40:43
U00036,C0091,completed,100,45,2026-02-21T01:40:43
U00036,C0095,completed,100,70,2026-06-08T13:40:43
U00036,C0098,completed,100,88,2026-04-26T04:40:43
U00037,C0077,completed,100,49,2026-03-12T17:40:43
U00037,C0070,dropped,40,,2026-04-28T02:40:43
U00038,C0117,started,71,,2026-06-10T11:40:43
U00038,C0119,completed,100,74,2026-06-18T15:40:43
U00038,C0053,completed,100,49,2026-07-06T03:40:43
U00038,C0121,completed,100,57,2026-02-04T05:40:43
U00038,C0180,started,56,,2026-02-23T16:40:43
U00038,C0177,completed,100,87,2026-02-10T12:40:43
U00038,C0114,completed,100,43,2026-05-11T13:40:43
U00038,C0053,started,66,,2026-03-16T00:40:43
U00038,C0036,started,34,,2026-07-11T07:40:43
U00038,C0126,completed,100,43,2026-04-08T03:40:43
U00038,C0113,completed,100,92,2026-07-07T00:40:43
U00038,C0152,dropped,61,,2026-03-26T21:40:43
U00038,C0116,completed,100,54,2026-06-18T09:40:43
U00038,C0166,dropped,16,,2026-04-05T14:40:43
U00038,C0163,completed,100,64,2026-02-16T10:40:43
U00039,C0167,started,13,,2026-05-15T04:40:43
U00039,C0185,started,59,,2026-04-12T06:40:43
U00039,C0163,dropped,30,,2026-06-20T22:40:43
U00039,C0162,completed,100,75,2026-04-17T22:40:43
U00039,C0111,dropped,10,,2026-04-14T04:40:43
U00039,C0035,completed,100,91,2026-04-12T00:40:43
U00039,C0170,completed,100,89,2026-05-17T02:40:43
U00040,C0103,completed,100,78,2026-06-02T13:40:43
U00040,C0062,completed,100,59,2026-02-05T16:40:43
U00040,C0063,started,31,,2026-04-14T07:40:43
U00040,C0052,started,28,,2026-05-17T05:40:43
U00041,C0107,dropped,46,,2026-05-13T14:40:43
U00041,C0098,completed,100,71,2026-02-18T14:40:43
U00041,C0190,started,40,,2026-05-02T13:40:43
U00041,C0109,started,35,,2026-02-28T01:40:43
U00041,C0042,dropped,28,,2026-04-18T14:40:43
U00041,C0104,started,43,,2026-05-31T10:40:43
U00041,C0051,started,56,,2026-01-30T19:40:43
U00041,C0097,completed,100,86,2026-05-14T00:40:43
U00041,C0189,dropped,39,,2026-03-16T01:40:43
U00041,C0105,completed,100,100,2026-02-09T01:40:43
U00041,C0088,completed,100,76,2026-03-23T03:40:43
U00041,C0109,dropped,13,,2026-04-02T05:40:43
U00041,C0035,started,46,,2026-04-18T11:40:43
U00041,C0097,completed,100,99,2026-02-13T02:40:43
U00041,C0107,started,61,,2026-02-19T07:40:43
U00042,C0093,completed,100,68,2026-06-05T08:40:43
U00042,C0049,completed,100,57,2026-06-17T04:40:43
U00042,C0084,started,59,,2026-06-20T02:40:43
U00044,C0151,started,30,,2026-04-06T08:40:43
U00044,C0027,dropped,32,,2026-07-06T21:40:43
U00044,C0024,completed,100,69,2026-05-25T08:40:43
U00045,C0004,completed,100,73,2026-04-21T06:40:43
U00045,C0132,started,80,,2026-03-29T09:40:43
U00045,C0137,completed,100,53,2026-04-19T14:40:43
U00045,C0134,completed,100,97,2026-03-13T21:40:43
U00045,C0144,started,73,,2026-06-01T15:40:43
U00045,C0161,completed,100,66,2026-04-24T12:40:43
U00045,C0063,completed,100,48,2026-02-23T22:40:43
U00045,C0139,completed,100,52,2026-03-24T11:40:43
U00045,C0130,completed,100,42,2026-02-09T13:40:43
U00045,C0133,dropped,13,,2026-07-15T00:40:43
U00045,C0130,started,29,,2026-03-19T14:40:43
U00045,C0133,started,33,,2026-04-30T21:40:43
U00045,C0052,completed,100,78,2026-05-05T04:40:43
U00045,C0180,completed,100,53,2026-04-10T19:40:43
U00045,C0179,completed,100,50,2026-07-13T05:40:43
U00047,C0149,completed,100,65,2026-06-05T12:40:43
U00047,C0150,completed,100,80,2026-03-19T04:40:43
U00047,C0156,dropped,50,,2026-02-02T14:40:43
U00051,C0151,dropped,27,,2026-07-21T02:40:43
U00051,C0160,completed,100,93,2026-05-26T00:40:43
U00051,C0152,completed,100,45,2026-03-14T00:40:43
U00051,C0125,started,16,,2026-03-01T21:40:43
U00054,C0039,completed,100,46,2026-07-17T20:40:43
U00056,C0136,dropped,28,,2026-01-22T09:40:43
U00056,C0126,dropped,38,,2026-03-07T03:40:43
U00056,C0119,completed,100,88,2026-05-15T07:40:43
U00058,C0037,dropped,70,,2026-07-16T15:40:43
U00058,C0170,started,29,,2026-04-23T18:40:43
U00058,C0181,completed,100,82,2026-01-26T15:40:43
U00058,C0044,completed,100,64,2026-06-04T16:40:43
U00058,C0087,completed,100,43,2026-04-13T04:40:43
U00058,C0176,dropped,36,,2026-07-03T15:40:43
U00058,C0162,started,72,,2026-05-12T08:40:43
U00058,C0016,completed,100,54,2026-02-28T02:40:43
U00059,C0117,started,19,,2026-05-25T23:40:43
U00059,C0114,completed,100,58,2026-02-01T23:40:43
U00059,C0128,completed,100,64,2026-07-05T01:40:43
U00059,C0114,completed,100,56,2026-02-26T09:40:43
U00059,C0163,completed,100,67,2026-05-14T09:40:43
U00059,C0123,completed,100,57,2026-07-16T17:40:43
U00059,C0029,completed,100,53,2026-02-20T01:40:43
U00059,C0128,completed,100,51,2026-07-05T20:40:43
U00059,C0033,started,65,,2026-06-10T14:40:43
U00059,C0128,started,21,,2026-06-13T02:40:43
U00059,C0119,completed,100,88,2026-04-01T16:40:43
U00059,C0127,completed,100,76,2026-03-09T20:40:43
U00059,C0118,completed,100,97,2026-03-20T04:40:43
U00059,C0118,started,59,,2026-01-30T11:40:43
U00059,C0123,completed,100,73,2026-03-06T16:40:43
U00060,C0055,dropped,44,,2026-05-31T08:40:43
U00060,C0173,completed,100,52,2026-07-13T19:40:43
U00060,C0155,started,25,,2026-06-14T10:40:43
U00060,C0051,completed,100,41,2026-04-22T20:40:43
U00061,C0159,completed,100,58,2026-03-21T11:40:43
U00061,C0005,completed,100,75,2026-03-24T23:40:43
U00061,C0030,completed,100,59,2026-02-24T21:40:43
U00061,C0026,dropped,16,,2026-04-05T05:40:43
U00061,C0028,completed,100,42,2026-05-17T01:40:43
U00061,C0030,started,50,,2026-01-24T04:40:43
U00061,C0018,completed,100,64,2026-05-12T17:40:43
U00061,C0022,dropped,61,,2026-07-01T08:40:43
U00061,C0156,started,58,,2026-05-25T01:40:43
U00063,C0044,completed,100,50,2026-03-08T06:40:43
U00063,C0007,completed,100,55,2026-07-01T01:40:43
U00063,C0139,completed,100,62,2026-05-09T22:40:43
U00063,C0058,dropped,38,,2026-05-07T12:40:43
U00065,C0068,completed,100,99,2026-02-16T17:40:43
U00065,C0120,dropped,38,,2026-05-11T17:40:43
U00065,C0120,completed,100,57,2026-04-08T03:40:43
U00065,C0118,started,16,,2026-02-20T01:40:43
U00065,C0117,completed,100,70,2026-05-26T17:40:43
U00065,C0137,started,30,,2026-06-25T11:40:43
U00066,C0098,completed,100,47,2026-03-21T10:40:43
U00066,C0106,dropped,49,,2026-06-02T02:40:43
U00066,C0108,completed,100,91,2026-02-22T07:40:43
U00066,C0034,started,15,,2026-05-05T03:40:43
U00066,C0106,completed,100,44,2026-06-13T12:40:43
U00066,C0146,dropped,23,,2026-04-21T08:40:43
U00066,C0100,started,69,,2026-04-26T23:40:43
U00066,C0141,started,84,,2026-04-25T15:40:43
U00066,C0113,completed,100,67,2026-06-30T17:40:43
U00066,C0025,completed,100,75,2026-05-06T05:40:43
U00066,C0107,completed,100,54,2026-06-30T09:40:43
U00066,C0108,started,36,,2026-05-07T06:40:43
U00066,C0110,started,27,,2026-07-13T04:40:43
U00066,C0111,started,43,,2026-04-08T05:40:43
U00067,C0031,completed,100,66,2026-03-13T12:40:43
U00068,C0129,started,50,,2026-06-14T17:40:43
U00068,C0098,started,21,,2026-02-05T14:40:43
U00068,C0122,started,43,,2026-06-03T10:40:43
U00068,C0123,started,39,,2026-03-06T00:40:43
U00069,C0153,completed,100,61,2026-06-04T21:40:43
U00069,C0182,started,27,,2026-03-10T07:40:43
U00069,C0049,started,27,,2026-04-27T23:40:43
U00069,C0148,started,11,,2026-05-24T11:40:43
U00069,C0153,completed,100,68,2026-07-03T12:40:43
U00069,C0174,completed,100,63,2026-07-18T21:40:43
U00069,C0048,completed,100,62,2026-05-02T04:40:43
U00070,C0108,started,20,,2026-06-07T04:40:43
U00070,C0137,dropped,26,,2026-05-22T11:40:43
U00070,C0101,started,79,,2026-05-06T21:40:43
U00070,C0097,started,30,,2026-06-09T14:40:43
U00070,C0066,dropped,12,,2026-03-30T12:40:43
U00071,C0143,completed,100,46,2026-03-21T15:40:43
U00071,C0123,dropped,57,,2026-06-23T16:40:43
U00071,C0150,dropped,11,,2026-04-14T00:40:43
U00072,C0063,started,70,,2026-02-10T07:40:43
U00072,C0051,started,50,,2026-02-18T10:40:43
U00073,C0093,completed,100,74,2026-05-09T13:40:43
U00073,C0101,dropped,67,,2026-05-18T15:40:43
U00073,C0099,completed,100,46,2026-06-18T09:40:43
U00073,C0098,started,68,,2026-03-12T10:40:43
U00073,C0108,dropped,58,,2026-02-14T10:40:43
U00073,C0031,dropped,67,,2026-05-07T13:40:43
U00073,C0104,completed,100,62,2026-06-24T17:40:43
U00073,C0153,completed,100,51,2026-02-18T01:40:43
U00073,C0032,started,32,,2026-06-14T20:40:43
U00073,C0185,started,81,,2026-03-27T06:40:43
U00073,C0108,dropped,24,,2026-06-15T08:40:43
U00073,C0109,completed,100,83,2026-05-15T17:40:43
U00073,C0103,dropped,5,,2026-01-24T18:40:43
U00073,C0058,started,66,,2026-07-17T02:40:43
U00074,C0091,started,69,,2026-07-16T06:40:43
U00074,C0092,completed,100,64,2026-03-13T14:40:43
U00074,C0091,started,67,,2026-03-16T03:40:43
U00074,C0045,completed,100,82,2026-05-29T06:40:43
U00075,C0104,started,67,,2026-03-15T20:40:43
U00075,C0134,started,55,,2026-02-26T07:40:43
U00075,C0131,dropped,49,,2026-03-05T09:40:43
U00075,C0133,started,57,,2026-02-24T12:40:43
U00075,C0042,started,51,,2026-04-07T05:40:43
U00075,C0139,completed,100,82,2026-01-22T17:40:43
U00075,C0142,started,29,,2026-02-05T22:40:43
U00075,C0138,completed,100,51,2026-07-10T22:40:43
U00075,C0139,completed,100,79,2026-03-12T11:40:43
U00075,C0139,started,36,,2026-06-24T04:40:43
U00075,C0002,started,78,,2026-05-24T13:40:43
U00075,C0019,started,29,,2026-06-27T06:40:43
U00075,C0090,completed,100,98,2026-06-22T13:40:43
U00075,C0133,dropped,58,,2026-03-05T20:40:43
U00076,C0020,completed,100,56,2026-02-28T18:40:43
U00076,C0186,dropped,22,,2026-01-30T11:40:43
U00076,C0189,started,74,,2026-03-15T21:40:43
U00076,C0120,dropped,46,,2026-04-12T15:40:43
U00076,C0189,completed,100,89,2026-06-20T16:40:43
U00076,C0181,started,33,,2026-06-22T16:40:43
U00076,C0190,dropped,27,,2026-07-02T05:40:43
U00076,C0186,completed,100,42,2026-05-10T06:40:43
U00076,C0135,completed,100,47,2026-05-09T12:40:43
U00077,C0047,started,62,,2026-02-20T16:40:43
U00078,C0164,completed,100,72,2026-01-24T05:40:43
U00078,C0161,started,65,,2026-04-03T22:40:43
U00078,C0166,completed,100,43,2026-07-20T00:40:43
U00079,C0151,completed,100,52,2026-06-27T11:40:43
U00079,C0146,completed,100,51,2026-05-13T04:40:43
U00079,C0049,dropped,25,,2026-04-05T16:40:43
U00079,C0146,started,60,,2026-03-06T13:40:43
U00079,C0159,completed,100,99,2026-05-20T04:40:43
U00079,C0151,dropped,69,,2026-02-14T23:40:43
U00079,C0055,dropped,57,,2026-06-29T19:40:43
U00080,C0141,started,68,,2026-06-25T04:40:43
U00081,C0017,dropped,29,,2026-06-11T14:40:43
U00081,C0118,started,38,,2026-02-16T07:40:43
U00081,C0120,completed,100,51,2026-03-24T12:40:43
U00082,C0091,completed,100,88,2026-01-23T11:40:43
U00083,C0116,completed,100,67,2026-02-09T12:40:43
U00083,C0118,started,78,,2026-03-10T08:40:43
U00083,C0072,completed,100,79,2026-06-18T21:40:43
U00083,C0100,completed,100,72,2026-01-25T08:40:43
U00084,C0024,completed,100,59,2026-04-22T14:40:43
U00084,C0017,dropped,24,,2026-01-22T23:40:43
U00084,C0029,completed,100,88,2026-06-07T16:40:43
U00084,C0148,started,67,,2026-05-30T02:40:43
U00085,C0120,completed,100,82,2026-03-31T15:40:43
U00085,C0122,dropped,7,,2026-03-30T03:40:43
U00086,C0110,completed,100,59,2026-07-04T21:40:43
U00086,C0093,completed,100,75,2026-07-20T18:40:43
U00087,C0016,started,55,,2026-01-26T16:40:43
U00087,C0077,started,75,,2026-06-01T16:40:43
U00087,C0068,completed,100,55,2026-05-08T21:40:43
U00087,C0011,started,84,,2026-03-05T18:40:43
U00087,C0013,started,84,,2026-03-07T11:40:43
U00087,C0011,started,87,,2026-06-08T14:40:43
U00087,C0097,completed,100,50,2026-06-21T10:40:43
U00087,C0005,dropped,10,,2026-04-10T23:40:43
U00087,C0002,started,79,,2026-06-06T03:40:43
U00087,C0009,completed,100,46,2026-05-26T11:40:43
U00087,C0007,dropped,10,,2026-04-27T20:40:43
U00087,C0008,completed,100,87,2026-03-22T03:40:43
U00088,C0142,dropped,35,,2026-07-18T07:40:43
U00088,C0124,dropped,11,,2026-07-21T05:40:43
U00088,C0140,completed,100,88,2026-01-28T23:40:43
U00088,C0140,completed,100,41,2026-04-20T23:40:43
U00088,C0137,completed,100,52,2026-03-30T18:40:43
U00088,C0078,completed,100,43,2026-03-14T20:40:43
U00089,C0144,started,14,,2026-07-14T08:40:43
U00089,C0062,completed,100,84,2026-06-20T10:40:43
U00089,C0186,completed,100,56,2026-06-17T16:40:43
U00089,C0178,completed,100,57,2026-02-01T01:40:43
U00089,C0141,dropped,52,,2026-06-09T02:40:43
U00090,C0085,started,54,,2026-02-14T16:40:43
U00090,C0096,started,64,,2026-06-06T06:40:43
U00090,C0036,completed,100,61,2026-05-22T05:40:43
U00090,C0170,completed,100,41,2026-05-15T20:40:43
U00090,C0093,completed,100,58,2026-01-27T01:40:43
U00090,C0088,completed,100,60,2026-06-08T08:40:43
U00090,C0056,completed,100,71,2026-07-01T07:40:43
U00090,C0092,started,31,,2026-01-22T16:40:43
U00090,C0088,completed,100,82,2026-06-04T09:40:43
U00090,C0032,started,28,,2026-02-08T21:40:43
U00090,C0094,completed,100,74,2026-02-06T18:40:43
U00091,C0091,completed,100,60,2026-03-02T01:40:43
U00091,C0090,started,54,,2026-06-15T13:40:43
U00091,C0029,started,74,,2026-04-28T20:40:43
U00091,C0083,completed,100,43,2026-04-26T10:40:43
U00091,C0082,completed,100,78,2026-06-28T03:40:43
U00091,C0090,started,39,,2026-04-18T15:40:43
U00091,C0085,started,77,,2026-05-07T08:40:43
U00091,C0116,completed,100,59,2026-01-22T17:40:43
U00091,C0089,started,87,,2026-05-30T10:40:43
U00091,C0096,completed,100,41,2026-05-26T05:40:43
U00091,C0087,completed,100,95,2026-07-03T13:40:43
U00091,C0086,completed,100,42,2026-03-11T20:40:43
U00091,C0086,dropped,13,,2026-04-22T06:40:43
U00091,C0096,started,46,,2026-02-28T22:40:43
U00093,C0191,completed,100,66,2026-04-28T14:40:43
U00093,C0187,completed,100,70,2026-03-12T10:40:43
U00093,C0180,completed,100,83,2026-03-21T05:40:43
U00095,C0176,completed,100,64,2026-06-09T17:40:43
U00095,C0147,dropped,33,,2026-05-28T23:40:43
U00095,C0169,dropped,60,,2026-05-15T01:40:43
U00095,C0161,completed,100,47,2026-07-08T18:40:43
U00095,C0171,completed,100,76,2026-07-16T18:40:43
U00095,C0171,started,20,,2026-03-04T16:40:43
U00095,C0170,dropped,26,,2026-02-05T02:40:43
U00095,C0170,completed,100,100,2026-01-30T16:40:43
U00095,C0156,completed,100,75,2026-04-17T20:40:43
U00095,C0172,completed,100,48,2026-03-10T12:40:43
U00095,C0162,started,19,,2026-03-30T12:40:43
U00095,C0163,dropped,43,,2026-03-07T18:40:43
U00097,C0113,dropped,43,,2026-05-15T01:40:43
U00097,C0071,completed,100,88,2026-06-10T19:40:43
U00097,C0132,started,37,,2026-02-08T11:40:43
U00097,C0171,completed,100,94,2026-03-06T08:40:43
U00098,C0016,dropped,15,,2026-05-12T01:40:43
U00098,C0001,completed,100,79,2026-02-02T12:40:43
U00098,C0006,dropped,61,,2026-03-23T17:40:43
U00098,C0011,started,64,,2026-04-03T17:40:43
U00098,C0012,started,50,,2026-03-13T18:40:43
U00098,C0191,dropped,6,,2026-01-31T01:40:43
U00098,C0013,started,25,,2026-06-19T17:40:43
U00098,C0003,started,78,,2026-06-18T17:40:43
U00098,C0069,completed,100,60,2026-04-23T08:40:43
U00098,C0014,started,17,,2026-01-25T19:40:43
U00098,C0004,dropped,20,,2026-07-11T02:40:43
U00098,C0005,started,69,,2026-05-29T23:40:43
U00098,C0011,dropped,68,,2026-05-29T23:40:43
U00098,C0047,started,54,,2026-03-12T12:40:43
U00099,C0088,completed,100,43,2026-01-22T11:40:43
U00099,C0139,dropped,60,,2026-06-28T00:40:43
U00100,C0040,started,52,,2026-04-13T23:40:43
U00100,C0048,completed,100,62,2026-04-24T08:40:43
U00100,C0042,started,88,,2026-07-10T14:40:43
U00102,C0150,completed,100,94,2026-06-10T18:40:43
U00102,C0157,completed,100,61,2026-05-19T02:40:43
U00105,C0190,started,23,,2026-02-11T13:40:43
U00105,C0187,completed,100,53,2026-04-26T18:40:43
U00105,C0170,completed,100,56,2026-07-11T00:40:43
U00105,C0007,completed,100,74,2026-07-21T07:40:43
U00105,C0183,started,28,,2026-03-18T22:40:43
U00105,C0181,dropped,70,,2026-06-25T03:40:43
U00105,C0169,completed,100,73,2026-02-23T04:40:43
U00105,C0183,dropped,57,,2026-02-24T10:40:43
U00105,C0189,started,87,,2026-02-10T13:40:43
U00106,C0073,dropped,70,,2026-03-27T03:40:43
U00106,C0084,dropped,35,,2026-04-27T18:40:43
U00106,C0117,dropped,20,,2026-03-27T03:40:43
U00106,C0014,dropped,20,,2026-06-23T23:40:43
U00106,C0066,started,36,,2026-02-19T19:40:43
U00106,C0032,started,70,,2026-03-29T15:40:43
U00106,C0136,completed,100,53,2026-04-09T02:40:43
U00106,C0113,dropped,17,,2026-05-22T13:40:43
U00106,C0065,completed,100,47,2026-04-23T05:40:43
U00106,C0078,dropped,28,,2026-03-04T07:40:43
U00106,C0076,started,31,,2026-07-11T03:40:43
U00106,C0070,dropped,34,,2026-06-29T16:40:43
U00106,C0076,completed,100,48,2026-07-20T03:40:43
U00106,C0017,started,73,,2026-01-25T17:40:43
U00107,C0167,started,57,,2026-05-20T18:40:43
U00107,C0016,completed,100,59,2026-06-25T15:40:43
U00107,C0041,completed,100,69,2026-07-13T17:40:43
U00107,C0144,started,59,,2026-05-16T17:40:43
U00107,C0166,started,20,,2026-03-17T02:40:43
U00107,C0042,started,37,,2026-06-06T22:40:43
U00107,C0162,started,49,,2026-04-14T19:40:43
U00107,C0173,started,70,,2026-07-18T07:40:43
U00107,C0175,completed,100,50,2026-07-07T07:40:43
U00108,C0104,completed,100,91,2026-04-05T12:40:43
U00108,C0108,started,79,,2026-02-22T11:40:43
U00108,C0111,completed,100,60,2026-07-14T10:40:43
U00108,C0104,started,82,,2026-07-18T11:40:43
U00108,C0063,started,14,,2026-02-03T21:40:43
U00112,C0144,dropped,54,,2026-03-17T07:40:43
U00112,C0129,dropped,37,,2026-05-01T13:40:43
U00112,C0190,completed,100,71,2026-06-22T17:40:43
U00112,C0131,completed,100,40,2026-03-27T03:40:43
U00112,C0142,started,28,,2026-05-25T02:40:43
U00112,C0133,started,28,,2026-06-27T15:40:43
U00112,C0133,completed,100,53,2026-02-21T03:40:43
U00112,C0033,completed,100,59,2026-03-28T20:40:43
U00112,C0097,started,33,,2026-04-04T15:40:43
U00112,C0084,started,26,,2026-03-22T22:40:43
U00112,C0143,completed,100,59,2026-03-01T11:40:43
U00112,C0165,started,54,,2026-01-25T00:40:43
U00112,C0140,started,14,,2026-06-18T08:40:43
U00112,C0132,completed,100,99,2026-03-05T17:40:43
U00113,C0126,completed,100,65,2026-01-23T02:40:43
U00113,C0142,started,81,,2026-04-02T19:40:43
U00113,C0039,completed,100,43,2026-07-18T19:40:43
U00113,C0122,completed,100,41,2026-03-12T12:40:43
U00113,C0115,dropped,19,,2026-02-25T10:40:43
U00113,C0117,started,48,,2026-07-10T10:40:43
U00114,C0101,dropped,46,,2026-05-24T03:40:43
U00114,C0110,started,15,,2026-03-14T06:40:43
U00116,C0030,started,11,,2026-06-08T09:40:43
U00116,C0064,completed,100,87,2026-06-14T11:40:43
U00116,C0027,started,36,,2026-05-27T11:40:43
U00116,C0017,completed,100,64,2026-05-19T02:40:43
U00117,C0004,completed,100,40,2026-03-10T19:40:43
U00117,C0003,started,25,,2026-04-09T11:40:43
U00117,C0003,completed,100,88,2026-02-11T07:40:43
U00117,C0048,started,68,,2026-02-22T14:40:43
U00117,C0015,completed,100,79,2026-07-09T23:40:43
U00117,C0011,completed,100,93,2026-06-29T18:40:43
U00117,C0009,completed,100,42,2026-07-09T11:40:43
U00117,C0153,completed,100,55,2026-04-01T08:40:43
U00117,C0184,dropped,15,,2026-06-26T19:40:43
U00117,C0083,completed,100,75,2026-02-06T00:40:43
U00117,C0085,completed,100,91,2026-05-03T07:40:43
U00118,C0161,started,36,,2026-04-30T04:40:43
U00118,C0126,started,51,,2026-04-15T17:40:43
U00118,C0074,completed,100,85,2026-05-12T23:40:43
U00118,C0117,completed,100,46,2026-07-06T18:40:43
U00118,C0113,dropped,16,,2026-01-25T19:40:43
U00118,C0117,completed,100,72,2026-03-28T16:40:43
U00118,C0065,started,60,,2026-06-15T10:40:43
U00118,C0115,completed,100,84,2026-04-29T07:40:43
U00119,C0062,completed,100,100,2026-05-26T00:40:43
U00119,C0001,started,30,,2026-02-13T08:40:43
U00119,C0133,completed,100,61,2026-06-23T18:40:43
U00121,C0171,completed,100,41,2026-05-08T14:40:43
U00122,C0018,started,87,,2026-06-07T04:40:43
U00122,C0030,completed,100,43,2026-06-30T07:40:43
U00122,C0021,completed,100,41,2026-06-28T12:40:43
U00122,C0039,dropped,21,,2026-02-25T12:40:43
U00122,C0174,started,21,,2026-06-19T11:40:43
U00122,C0076,started,64,,2026-04-01T01:40:43
U00122,C0025,completed,100,86,2026-07-10T02:40:43
U00122,C0047,completed,100,54,2026-02-09T02:40:43
U00122,C0017,started,21,,2026-04-27T04:40:43
U00122,C0032,completed,100,91,2026-02-11T05:40:43
U00122,C0080,dropped,38,,2026-05-22T00:40:43
U00123,C0174,completed,100,50,2026-05-01T08:40:43
U00123,C0047,completed,100,51,2026-04-11T21:40:43
U00123,C0141,dropped,54,,2026-04-22T13:40:43
U00123,C0037,started,19,,2026-02-11T21:40:43
U00124,C0121,completed,100,58,2026-03-21T21:40:43
U00124,C0166,completed,100,80,2026-05-29T00:40:43
U00124,C0110,dropped,18,,2026-03-13T02:40:43
U00124,C0112,dropped,23,,2026-06-19T04:40:43
U00124,C0105,dropped,44,,2026-07-08T02:40:43
U00124,C0189,completed,100,100,2026-06-23T07:40:43
U00124,C0110,dropped,50,,2026-06-10T00:40:43
U00124,C0102,started,61,,2026-02-02T13:40:43
U00124,C0106,completed,100,45,2026-06-20T08:40:43
U00124,C0160,completed,100,74,2026-03-03T09:40:43
U00124,C0111,started,64,,2026-05-23T02:40:43
U00126,C0022,completed,100,73,2026-03-11T03:40:43
U00126,C0030,completed,100,65,2026-04-09T03:40:43
U00126,C0012,dropped,17,,2026-07-10T06:40:43
U00128,C0185,started,33,,2026-05-19T11:40:43
U00128,C0189,started,88,,2026-03-07T22:40:43
U00128,C0184,completed,100,46,2026-02-06T19:40:43
U00128,C0178,started,17,,2026-01-24T05:40:43
U00128,C0191,completed,100,77,2026-02-11T16:40:43
U00128,C0003,started,45,,2026-07-13T11:40:43
U00128,C0192,dropped,35,,2026-06-23T13:40:43
U00128,C0180,completed,100,69,2026-02-04T18:40:43
U00128,C0180,dropped,54,,2026-06-12T00:40:43
U00128,C0146,completed,100,56,2026-06-25T17:40:43
U00129,C0092,dropped,20,,2026-07-02T05:40:43
U00129,C0088,completed,100,50,2026-01-22T08:40:43
U00129,C0054,completed,100,83,2026-03-29T19:40:43
U00129,C0117,completed,100,78,2026-07-06T13:40:43
U00132,C0036,completed,100,70,2026-06-12T07:40:43
U00132,C0173,started,72,,2026-06-20T18:40:43
U00132,C0043,dropped,10,,2026-03-28T22:40:43
U00132,C0036,dropped,5,,2026-06-05T02:40:43
U00133,C0114,started,42,,2026-01-31T02:40:43
U00133,C0053,started,60,,2026-06-04T06:40:43
U00133,C0029,completed,100,90,2026-04-13T16:40:43
U00134,C0079,started,70,,2026-07-15T23:40:43
U00134,C0172,started,89,,2026-01-26T08:40:43
U00134,C0076,completed,100,100,2026-06-15T09:40:43
U00134,C0068,dropped,43,,2026-06-13T23:40:43
U00136,C0012,started,76,,2026-05-16T06:40:43
U00139,C0053,started,47,,2026-03-15T09:40:43
U00139,C0129,completed,100,46,2026-04-03T16:40:43
U00139,C0017,completed,100,54,2026-07-10T07:40:43
U00139,C0131,completed,100,86,2026-04-18T13:40:43
U00139,C0141,completed,100,65,2026-05-20T04:40:43
U00139,C0155,started,80,,2026-06-28T09:40:43
U00143,C0085,completed,100,92,2026-02-21T22:40:43
U00143,C0027,completed,100,75,2026-04-26T01:40:43
U00143,C0021,completed,100,44,2026-03-28T20:40:43
U00143,C0084,started,85,,2026-04-16T17:40:43
U00143,C0084,completed,100,56,2026-06-11T23:40:43
U00143,C0162,completed,100,91,2026-02-17T21:40:43
U00143,C0093,started,47,,2026-05-07T22:40:43
U00143,C0089,completed,100,69,2026-03-24T07:40:43
U00143,C0083,completed,100,41,2026-03-26T05:40:43
U00143,C0095,started,59,,2026-05-14T15:40:43
U00143,C0088,completed,100,86,2026-07-06T05:40:43
U00143,C0091,completed,100,54,2026-03-08T11:40:43
U00144,C0067,dropped,69,,2026-04-28T13:40:43
U00144,C0070,completed,100,50,2026-02-27T06:40:43
U00144,C0077,completed,100,65,2026-06-13T21:40:43
U00144,C0074,dropped,62,,2026-04-05T22:40:43
U00144,C0065,completed,100,97,2026-04-15T14:40:43
U00144,C0080,dropped,31,,2026-04-26T05:40:43
U00144,C0112,completed,100,48,2026-04-20T16:40:43
U00144,C0078,completed,100,93,2026-03-21T16:40:43
U00144,C0065,completed,100,73,2026-03-09T23:40:43
U00144,C0072,started,52,,2026-04-18T04:40:43
U00144,C0076,completed,100,83,2026-03-08T16:40:43
U00144,C0119,completed,100,87,2026-06-30T01:40:43
U00145,C0089,completed,100,60,2026-06-01T14:40:43
U00145,C0094,completed,100,87,2026-03-21T19:40:43
U00145,C0095,completed,100,61,2026-04-24T03:40:43
U00145,C0083,completed,100,95,2026-07-14T04:40:43
U00146,C0150,completed,100,95,2026-04-08T12:40:43
U00146,C0119,started,32,,2026-06-06T15:40:43
U00146,C0148,started,19,,2026-03-25T00:40:43
U00146,C0126,completed,100,71,2026-06-23T22:40:43
U00146,C0154,started,79,,2026-04-17T08:40:43
U00146,C0157,completed,100,54,2026-07-13T00:40:43
U00146,C0148,dropped,6,,2026-05-28T17:40:43
U00146,C0038,started,33,,2026-04-06T17:40:43
U00146,C0004,dropped,39,,2026-06-03T14:40:43
U00146,C0160,dropped,12,,2026-04-03T18:40:43
U00146,C0147,completed,100,96,2026-07-17T05:40:43
U00146,C0029,dropped,62,,2026-07-11T01:40:43
U00146,C0010,completed,100,53,2026-06-03T22:40:43
U00147,C0025,completed,100,54,2026-06-22T21:40:43
U00147,C0025,completed,100,67,2026-05-20T18:40:43
U00147,C0024,dropped,9,,2026-04-11T01:40:43
U00147,C0022,dropped,46,,2026-06-23T13:40:43
U00147,C0184,started,30,,2026-03-17T06:40:43
U00147,C0019,started,83,,2026-06-20T23:40:43
U00147,C0018,started,82,,2026-04-03T10:40:43
U00149,C0091,dropped,63,,2026-06-08T18:40:43
U00149,C0087,completed,100,56,2026-02-11T12:40:43
U00149,C0081,completed,100,40,2026-03-13T18:40:43
U00149,C0081,completed,100,71,2026-04-18T22:40:43
U00150,C0129,completed,100,99,2026-06-24T17:40:43
U00150,C0034,started,19,,2026-04-17T02:40:43
U00150,C0050,started,79,,2026-02-25T10:40:43
U00150,C0134,dropped,49,,2026-06-02T04:40:43
U00150,C0129,dropped,36,,2026-04-21T09:40:43
U00152,C0082,started,38,,2026-04-26T02:40:43
U00152,C0130,started,61,,2026-02-22T19:40:43
U00152,C0138,completed,100,53,2026-02-12T05:40:43
U00152,C0055,dropped,42,,2026-05-18T23:40:43
U00152,C0158,started,78,,2026-07-15T00:40:43
U00152,C0136,started,44,,2026-05-13T09:40:43
U00152,C0130,completed,100,61,2026-02-17T23:40:43
U00152,C0133,dropped,20,,2026-06-15T04:40:43
U00152,C0103,started,68,,2026-05-02T17:40:43
U00152,C0134,started,11,,2026-04-14T06:40:43
U00152,C0137,completed,100,76,2026-05-29T21:40:43
U00152,C0132,completed,100,51,2026-04-10T21:40:43
U00152,C0136,started,57,,2026-05-22T12:40:43
U00152,C0142,dropped,40,,2026-03-22T01:40:43
U00152,C0141,started,23,,2026-06-14T13:40:43
U00154,C0184,started,83,,2026-02-20T06:40:43
U00155,C0021,started,34,,2026-06-08T13:40:43
U00155,C0028,completed,100,95,2026-04-28T00:40:43
U00155,C0020,started,27,,2026-06-25T17:40:43
U00156,C0162,completed,100,68,2026-03-18T17:40:43
U00156,C0165,started,87,,2026-06-19T00:40:43
U00156,C0069,started,21,,2026-03-14T18:40:43
U00158,C0084,completed,100,87,2026-07-20T02:40:43
U00158,C0128,started,73,,2026-02-08T23:40:43
U00158,C0055,dropped,26,,2026-02-20T17:40:43
U00158,C0108,started,89,,2026-07-07T06:40:43
U00158,C0186,dropped,40,,2026-07-06T19:40:43
U00158,C0188,completed,100,73,2026-06-01T12:40:43
U00158,C0187,completed,100,85,2026-03-21T07:40:43
U00158,C0182,started,75,,2026-05-13T23:40:43
U00158,C0182,completed,100,99,2026-05-26T15:40:43
U00158,C0188,started,84,,2026-04-12T06:40:43
U00158,C0182,started,54,,2026-07-19T08:40:43
U00158,C0188,completed,100,82,2026-02-08T23:40:43
U00158,C0186,completed,100,75,2026-04-07T05:40:43
U00158,C0185,dropped,6,,2026-06-28T06:40:43
U00158,C0057,started,82,,2026-02-25T06:40:43
U00159,C0174,completed,100,93,2026-01-24T21:40:43
U00161,C0155,dropped,11,,2026-02-23T00:40:43
U00162,C0186,completed,100,41,2026-05-22T16:40:43
U00162,C0179,completed,100,55,2026-04-18T05:40:43
U00163,C0106,dropped,16,,2026-06-28T17:40:43
U00163,C0097,completed,100,66,2026-07-15T19:40:43
U00165,C0041,completed,100,99,2026-01-26T12:40:43
U00166,C0142,dropped,55,,2026-05-10T05:40:43
U00167,C0075,started,32,,2026-05-31T03:40:43
U00167,C0079,dropped,23,,2026-05-24T14:40:43
U00167,C0071,completed,100,47,2026-07-17T15:40:43
U00167,C0153,started,21,,2026-04-01T02:40:43
U00167,C0071,completed,100,64,2026-04-23T03:40:43
U00167,C0068,dropped,30,,2026-03-26T06:40:43
U00167,C0077,completed,100,70,2026-04-05T10:40:43
U00167,C0071,completed,100,78,2026-05-08T06:40:43
U00167,C0009,dropped,13,,2026-03-22T01:40:43
U00167,C0031,started,21,,2026-03-16T16:40:43
U00168,C0086,started,31,,2026-05-08T18:40:43
U00168,C0090,started,44,,2026-07-01T20:40:43
U00171,C0141,completed,100,68,2026-02-26T11:40:43
U00171,C0154,completed,100,63,2026-05-24T23:40:43
U00171,C0046,completed,100,42,2026-05-10T13:40:43
U00172,C0153,started,11,,2026-07-20T16:40:43
U00172,C0155,completed,100,60,2026-03-19T12:40:43
U00173,C0169,started,85,,2026-02-17T11:40:43
U00173,C0008,completed,100,44,2026-05-14T14:40:43
U00173,C0170,completed,100,81,2026-02-08T22:40:43
U00173,C0072,completed,100,98,2026-03-10T03:40:43
U00173,C0175,started,58,,2026-06-29T18:40:43
U00173,C0172,dropped,37,,2026-04-05T21:40:43
U00173,C0173,completed,100,65,2026-03-02T09:40:43
U00174,C0028,dropped,9,,2026-07-06T07:40:43
U00174,C0150,completed,100,47,2026-07-18T19:40:43
U00174,C0146,completed,100,81,2026-02-27T23:40:43
U00176,C0078,started,14,,2026-05-23T13:40:43
U00176,C0073,dropped,70,,2026-05-20T05:40:43
U00176,C0080,completed,100,82,2026-05-28T11:40:43
U00176,C0116,completed,100,48,2026-06-04T12:40:43
U00176,C0078,dropped,65,,2026-02-23T15:40:43
U00176,C0067,completed,100,89,2026-03-11T21:40:43
U00176,C0078,completed,100,72,2026-04-27T14:40:43
U00176,C0066,completed,100,88,2026-05-29T17:40:43
U00176,C0074,completed,100,50,2026-01-23T19:40:43
U00176,C0144,dropped,8,,2026-05-01T15:40:43
U00177,C0170,completed,100,48,2026-06-20T13:40:43
U00178,C0142,completed,100,88,2026-07-01T18:40:43
U00178,C0175,started,60,,2026-05-30T06:40:43
U00178,C0029,completed,100,76,2026-01-29T11:40:43
U00179,C0131,completed,100,76,2026-03-06T06:40:43
U00179,C0181,completed,100,60,2026-05-30T04:40:43
U00180,C0014,dropped,44,,2026-02-15T03:40:43
U00180,C0090,started,36,,2026-01-23T17:40:43
U00180,C0088,dropped,16,,2026-01-30T04:40:43
U00180,C0065,started,55,,2026-02-26T16:40:43
U00181,C0125,completed,100,44,2026-02-14T01:40:43
U00181,C0119,started,43,,2026-02-15T19:40:43
U00181,C0121,started,75,,2026-05-10T14:40:43
U00181,C0005,completed,100,84,2026-01-28T12:40:43
U00181,C0116,completed,100,72,2026-07-19T23:40:43
U00181,C0169,completed,100,83,2026-06-22T01:40:43
U00181,C0130,started,42,,2026-02-22T12:40:43
U00181,C0163,completed,100,52,2026-03-29T10:40:43
U00181,C0114,dropped,24,,2026-04-06T15:40:43
U00181,C0127,dropped,31,,2026-07-13T19:40:43
U00181,C0003,completed,100,65,2026-06-12T19:40:43
U00181,C0126,completed,100,81,2026-05-07T02:40:43
U00182,C0001,completed,100,73,2026-03-13T14:40:43
U00182,C0043,dropped,28,,2026-02-06T15:40:43
U00182,C0041,started,63,,2026-03-05T11:40:43
U00182,C0036,completed,100,96,2026-04-14T08:40:43
U00182,C0048,completed,100,48,2026-07-17T18:40:43
U00182,C0037,dropped,35,,2026-02-12T08:40:43
U00182,C0038,dropped,58,,2026-06-01T14:40:43
U00182,C0073,started,51,,2026-02-18T23:40:43
U00182,C0041,completed,100,73,2026-01-27T20:40:43
U00182,C0022,started,47,,2026-02-01T14:40:43
U00185,C0113,completed,100,100,2026-06-12T04:40:43
U00185,C0120,started,80,,2026-05-13T17:40:43
U00185,C0114,started,58,,2026-02-04T21:40:43
U00185,C0122,started,50,,2026-06-16T13:40:43
U00185,C0124,completed,100,84,2026-04-04T03:40:43
U00185,C0115,completed,100,92,2026-03-31T00:40:43
U00185,C0065,dropped,56,,2026-01-23T03:40:43
U00185,C0133,started,82,,2026-03-27T20:40:43
U00187,C0055,dropped,34,,2026-04-03T10:40:43
U00187,C0063,completed,100,79,2026-03-07T22:40:43
U00187,C0051,started,84,,2026-05-02T17:40:43
U00187,C0166,started,16,,2026-05-17T06:40:43
U00188,C0078,completed,100,48,2026-07-18T23:40:43
U00188,C0067,dropped,57,,2026-06-06T05:40:43
U00188,C0101,completed,100,87,2026-02-16T12:40:43
U00188,C0071,completed,100,75,2026-03-20T23:40:43
U00189,C0118,completed,100,89,2026-04-01T11:40:43
U00189,C0024,started,32,,2026-07-08T19:40:43
U00189,C0072,started,35,,2026-02-16T19:40:43
U00189,C0147,started,26,,2026-04-09T11:40:43
U00191,C0159,dropped,23,,2026-02-13T12:40:43
U00191,C0026,completed,100,82,2026-05-24T10:40:43
U00191,C0179,started,25,,2026-07-17T05:40:43
U00191,C0160,completed,100,97,2026-02-08T18:40:43
U00191,C0146,completed,100,74,2026-03-31T15:40:43
U00191,C0157,started,27,,2026-05-07T11:40:43
U00191,C0149,started,33,,2026-05-23T01:40:43
U00191,C0016,dropped,59,,2026-02-16T08:40:43
U00191,C0077,started,82,,2026-03-04T10:40:43
U00192,C0021,dropped,15,,2026-03-21T14:40:43
U00192,C0017,completed,100,66,2026-04-08T08:40:43
U00192,C0107,dropped,24,,2026-02-04T12:40:43
U00193,C0010,started,49,,2026-03-18T03:40:43
U00193,C0150,completed,100,44,2026-02-03T05:40:43
U00193,C0155,dropped,17,,2026-07-18T10:40:43
U00194,C0102,started,54,,2026-07-06T04:40:43
U00194,C0102,dropped,23,,2026-01-25T01:40:43
U00194,C0179,completed,100,73,2026-03-20T05:40:43
U00194,C0098,started,33,,2026-05-07T02:40:43
U00196,C0126,started,78,,2026-04-06T07:40:43
U00197,C0016,completed,100,44,2026-02-16T09:40:43
U00197,C0162,dropped,50,,2026-06-28T20:40:43
U00197,C0166,dropped,49,,2026-07-01T03:40:43
U00197,C0135,dropped,9,,2026-02-17T09:40:43
U00197,C0140,completed,100,62,2026-04-23T18:40:43
U00197,C0180,completed,100,93,2026-03-28T03:40:43
U00197,C0141,completed,100,55,2026-02-16T14:40:43
U00197,C0141,started,72,,2026-03-22T11:40:43
U00197,C0129,completed,100,97,2026-07-17T13:40:43
U00197,C0138,started,45,,2026-07-17T04:40:43
U00198,C0081,completed,100,77,2026-04-14T23:40:43
U00198,C0178,started,57,,2026-03-03T18:40:43
U00199,C0177,completed,100,74,2026-03-05T11:40:43
U00199,C0155,started,53,,2026-06-27T23:40:43
U00199,C0158,completed,100,53,2026-05-29T12:40:43
U00201,C0119,completed,100,69,2026-05-06T03:40:43
U00201,C0130,completed,100,93,2026-04-01T20:40:43
U00201,C0128,dropped,10,,2026-02-19T06:40:43
U00201,C0116,completed,100,79,2026-06-27T18:40:43
U00201,C0186,dropped,15,,2026-06-28T05:40:43
U00201,C0045,completed,100,46,2026-04-26T18:40:43
U00201,C0123,completed,100,61,2026-06-09T23:40:43
U00203,C0189,started,68,,2026-01-26T14:40:43
U00204,C0072,completed,100,70,2026-01-29T11:40:43
U00204,C0073,completed,100,57,2026-05-06T20:40:43
U00204,C0005,dropped,30,,2026-06-30T21:40:43
U00204,C0077,completed,100,92,2026-02-12T17:40:43
U00204,C0072,completed,100,66,2026-03-18T23:40:43
U00204,C0046,started,51,,2026-01-22T17:40:43
U00204,C0065,completed,100,40,2026-06-15T12:40:43
U00205,C0044,completed,100,75,2026-03-29T11:40:43
U00205,C0045,completed,100,43,2026-04-28T10:40:43
U00205,C0034,completed,100,55,2026-04-01T11:40:43
U00206,C0163,completed,100,67,2026-05-14T11:40:43
U00206,C0148,started,37,,2026-02-21T10:40:43
U00207,C0120,completed,100,49,2026-04-19T07:40:43
U00207,C0121,completed,100,84,2026-05-30T21:40:43
U00208,C0188,started,24,,2026-02-23T15:40:43
U00208,C0098,started,78,,2026-04-02T10:40:43
U00208,C0191,completed,100,92,2026-03-17T02:40:43
U00208,C0073,dropped,22,,2026-07-10T01:40:43
U00208,C0186,completed,100,99,2026-04-28T04:40:43
U00208,C0180,completed,100,80,2026-02-28T08:40:43
U00208,C0157,completed,100,62,2026-03-08T05:40:43
U00208,C0186,completed,100,65,2026-04-09T06:40:43
U00208,C0156,started,73,,2026-02-13T20:40:43
U00208,C0190,completed,100,55,2026-04-08T08:40:43
U00208,C0042,completed,100,41,2026-03-29T11:40:43
U00208,C0181,completed,100,97,2026-04-09T11:40:43
U00208,C0188,completed,100,44,2026-04-18T19:40:43
U00208,C0179,completed,100,52,2026-01-28T11:40:43
U00211,C0084,completed,100,43,2026-04-23T19:40:43
U00211,C0082,completed,100,51,2026-05-17T02:40:43
U00211,C0088,completed,100,59,2026-03-29T17:40:43
U00211,C0093,dropped,51,,2026-05-28T08:40:43
U00211,C0095,completed,100,60,2026-03-26T08:40:43
U00211,C0083,completed,100,99,2026-03-08T15:40:43
U00212,C0138,dropped,56,,2026-02-23T05:40:43
U00212,C0141,dropped,35,,2026-06-02T01:40:43
U00212,C0121,completed,100,75,2026-03-25T23:40:43
U00212,C0129,completed,100,69,2026-07-09T06:40:43
U00213,C0179,completed,100,55,2026-07-19T15:40:43
U00213,C0054,started,87,,2026-04-19T22:40:43
U00213,C0055,started,28,,2026-01-25T13:40:43
U00213,C0119,completed,100,48,2026-05-28T17:40:43
U00213,C0106,started,33,,2026-02-28T07:40:43
U00213,C0054,dropped,63,,2026-04-15T16:40:43
U00213,C0166,started,66,,2026-03-22T04:40:43
U00213,C0182,started,78,,2026-04-25T15:40:43
U00213,C0053,started,33,,2026-07-15T17:40:43
U00213,C0049,started,88,,2026-06-03T04:40:43
U00213,C0041,started,37,,2026-05-05T20:40:43
U00213,C0149,dropped,6,,2026-01-29T20:40:43
U00214,C0089,completed,100,48,2026-04-13T10:40:43
U00214,C0123,completed,100,84,2026-02-15T16:40:43
U00214,C0056,started,10,,2026-04-12T02:40:43
U00215,C0046,dropped,24,,2026-06-18T20:40:43
U00215,C0095,started,19,,2026-04-05T12:40:43
U00215,C0082,dropped,56,,2026-05-05T12:40:43
U00215,C0095,started,81,,2026-04-20T10:40:43
U00215,C0082,completed,100,60,2026-06-07T16:40:43
U00215,C0090,started,46,,2026-06-29T12:40:43
U00215,C0176,completed,100,59,2026-07-08T07:40:43
U00215,C0065,completed,100,95,2026-03-31T20:40:43
U00216,C0078,completed,100,48,2026-04-16T17:40:43
U00216,C0102,started,15,,2026-05-19T13:40:43
U00216,C0076,completed,100,90,2026-04-09T03:40:43
U00216,C0179,started,67,,2026-05-14T01:40:43
U00216,C0071,started,37,,2026-02-20T13:40:43
U00216,C0176,completed,100,93,2026-03-04T13:40:43
U00216,C0067,started,74,,2026-04-03T10:40:43
U00216,C0075,dropped,6,,2026-05-09T16:40:43
U00216,C0167,started,63,,2026-04-01T02:40:43
U00216,C0069,completed,100,77,2026-05-16T23:40:43
U00219,C0131,completed,100,98,2026-06-25T01:40:43
U00219,C0139,started,12,,2026-07-19T13:40:43
U00219,C0063,completed,100,84,2026-06-10T07:40:43
U00219,C0154,dropped,43,,2026-06-06T15:40:43
U00219,C0061,completed,100,87,2026-03-13T13:40:43
U00219,C0053,dropped,21,,2026-05-29T21:40:43
U00219,C0064,started,79,,2026-05-08T09:40:43
U00219,C0050,completed,100,44,2026-05-30T13:40:43
U00219,C0156,completed,100,69,2026-02-23T16:40:43
U00219,C0057,completed,100,88,2026-01-29T01:40:43
U00219,C0063,completed,100,76,2026-04-13T05:40:43
U00219,C0136,dropped,61,,2026-06-12T05:40:43
U00219,C0052,started,79,,2026-07-05T17:40:43
U00219,C0099,completed,100,48,2026-07-20T08:40:43
U00220,C0191,completed,100,66,2026-05-11T01:40:43
U00220,C0045,completed,100,88,2026-04-20T20:40:43
U00220,C0038,started,65,,2026-05-12T11:40:43
U00222,C0030,dropped,21,,2026-05-07T14:40:43
U00222,C0019,completed,100,62,2026-05-17T01:40:43
U00222,C0022,dropped,43,,2026-05-16T09:40:43
U00222,C0160,dropped,5,,2026-06-15T05:40:43
U00224,C0104,dropped,65,,2026-07-10T12:40:43
U00224,C0097,dropped,57,,2026-06-02T10:40:43
U00224,C0073,started,37,,2026-03-11T15:40:43
U00224,C0102,started,52,,2026-07-08T18:40:43
U00225,C0073,completed,100,53,2026-05-13T14:40:43
U00225,C0078,completed,100,92,2026-02-15T20:40:43
U00226,C0169,completed,100,49,2026-03-01T03:40:43
U00226,C0172,completed,100,57,2026-03-09T11:40:43
U00226,C0162,completed,100,62,2026-04-15T13:40:43
U00226,C0161,completed,100,71,2026-02-07T15:40:43
U00227,C0033,dropped,10,,2026-06-15T14:40:43
U00227,C0006,completed,100,56,2026-05-13T07:40:43
U00227,C0008,dropped,50,,2026-03-07T16:40:43
U00227,C0043,completed,100,79,2026-07-16T21:40:43
U00227,C0042,started,39,,2026-06-26T17:40:43
U00227,C0175,completed,100,74,2026-03-31T21:40:43
U00227,C0044,dropped,19,,2026-02-03T02:40:43
U00227,C0046,completed,100,98,2026-01-26T19:40:43
U00227,C0049,completed,100,88,2026-06-17T16:40:43
U00227,C0045,completed,100,91,2026-05-12T08:40:43
U00227,C0038,started,38,,2026-06-07T22:40:43
U00227,C0044,completed,100,64,2026-02-12T03:40:43
U00227,C0046,dropped,42,,2026-03-11T05:40:43
U00227,C0047,started,10,,2026-04-13T23:40:43
U00229,C0067,completed,100,72,2026-06-13T02:40:43
U00230,C0090,completed,100,75,2026-02-20T11:40:43
U00230,C0040,started,28,,2026-05-25T15:40:43
U00230,C0127,completed,100,100,2026-02-23T11:40:43
U00230,C0040,completed,100,92,2026-02-25T10:40:43
U00230,C0126,completed,100,57,2026-03-04T15:40:43
U00230,C0009,dropped,62,,2026-02-23T01:40:43
U00230,C0031,completed,100,60,2026-05-02T05:40:43
U00230,C0115,dropped,10,,2026-03-27T12:40:43
U00230,C0115,completed,100,44,2026-04-29T20:40:43
U00230,C0138,completed,100,78,2026-02-10T23:40:43
U00230,C0119,completed,100,75,2026-03-11T21:40:43
U00231,C0016,completed,100,49,2026-05-21T17:40:43
U00232,C0177,completed,100,61,2026-06-28T18:40:43
U00233,C0189,dropped,17,,2026-03-13T07:40:43
U00233,C0016,started,61,,2026-04-12T13:40:43
U00233,C0146,dropped,11,,2026-03-26T17:40:43
U00233,C0192,completed,100,77,2026-03-01T07:40:43
U00233,C0184,started,75,,2026-02-01T22:40:43
U00233,C0159,dropped,36,,2026-05-02T10:40:43
U00233,C0187,completed,100,79,2026-04-06T19:40:43
U00233,C0055,completed,100,84,2026-03-29T11:40:43
U00233,C0120,completed,100,89,2026-06-07T14:40:43
U00233,C0052,completed,100,61,2026-02-10T10:40:43
U00233,C0095,completed,100,42,2026-04-21T07:40:43
U00233,C0144,completed,100,83,2026-05-25T19:40:43
U00233,C0185,started,49,,2026-04-17T19:40:43
U00234,C0067,completed,100,70,2026-07-07T15:40:43
U00235,C0059,dropped,30,,2026-04-09T18:40:43
U00235,C0027,completed,100,65,2026-03-06T16:40:43
U00235,C0018,completed,100,68,2026-03-27T16:40:43
U00235,C0018,dropped,23,,2026-05-22T15:40:43
U00235,C0169,completed,100,72,2026-05-08T03:40:43
U00235,C0032,completed,100,58,2026-07-15T04:40:43
U00236,C0106,dropped,13,,2026-04-02T05:40:43
U00236,C0155,completed,100,88,2026-03-15T19:40:43
U00236,C0028,completed,100,71,2026-04-18T21:40:43
U00236,C0037,completed,100,54,2026-06-24T19:40:43
U00236,C0119,completed,100,48,2026-02-27T09:40:43
U00236,C0124,dropped,43,,2026-02-07T06:40:43
U00236,C0056,started,21,,2026-04-15T12:40:43
U00236,C0124,completed,100,56,2026-03-06T04:40:43
U00236,C0125,started,69,,2026-05-29T02:40:43
U00236,C0125,dropped,37,,2026-04-13T06:40:43
U00236,C0092,completed,100,81,2026-06-29T15:40:43
U00237,C0111,started,11,,2026-06-10T06:40:43
U00239,C0179,completed,100,100,2026-05-09T08:40:43
U00239,C0186,dropped,66,,2026-04-13T13:40:43
U00239,C0185,dropped,31,,2026-01-24T20:40:43
U00239,C0065,completed,100,48,2026-02-19T12:40:43
U00240,C0072,dropped,8,,2026-06-12T22:40:43
U00240,C0172,dropped,8,,2026-02-23T12:40:43
U00240,C0102,started,34,,2026-04-05T23:40:43
U00240,C0068,completed,100,64,2026-04-05T22:40:43
U00240,C0067,started,50,,2026-04-12T04:40:43
U00240,C0066,started,26,,2026-06-16T14:40:43
U00240,C0057,completed,100,74,2026-07-11T09:40:43
U00240,C0063,dropped,33,,2026-04-04T20:40:43
U00240,C0065,started,67,,2026-02-14T09:40:43
U00240,C0074,started,61,,2026-06-21T03:40:43
U00240,C0070,started,54,,2026-07-04T21:40:43
U00240,C0077,dropped,60,,2026-05-04T07:40:43
U00240,C0098,started,59,,2026-05-18T20:40:43
U00241,C0188,completed,100,81,2026-04-14T16:40:43
U00241,C0086,completed,100,71,2026-01-26T21:40:43
U00241,C0185,dropped,43,,2026-02-16T10:40:43
U00241,C0187,started,32,,2026-04-27T01:40:43
U00241,C0183,dropped,39,,2026-05-08T14:40:43
U00241,C0189,completed,100,51,2026-03-06T18:40:43
U00241,C0177,completed,100,88,2026-05-21T04:40:43
U00241,C0188,started,20,,2026-04-16T14:40:43
U00241,C0183,started,21,,2026-06-22T03:40:43
U00241,C0159,completed,100,69,2026-02-21T01:40:43
U00241,C0181,dropped,6,,2026-05-08T11:40:43
U00242,C0064,completed,100,67,2026-06-26T19:40:43
U00242,C0060,completed,100,43,2026-06-25T12:40:43
U00242,C0120,started,36,,2026-02-22T09:40:43
U00243,C0190,completed,100,66,2026-06-07T15:40:43
U00245,C0031,started,88,,2026-01-30T23:40:43
U00245,C0094,completed,100,61,2026-03-27T10:40:43
U00245,C0129,started,64,,2026-02-22T14:40:43
U00245,C0131,completed,100,56,2026-06-05T13:40:43
U00245,C0013,started,33,,2026-06-02T10:40:43
U00245,C0142,dropped,47,,2026-01-24T11:40:43
U00245,C0038,started,22,,2026-06-27T02:40:43
U00245,C0013,completed,100,42,2026-06-25T01:40:43
U00245,C0139,completed,100,76,2026-06-15T11:40:43
U00245,C0141,completed,100,55,2026-05-29T12:40:43
U00245,C0133,started,27,,2026-05-11T10:40:43
U00245,C0139,started,85,,2026-06-18T06:40:43
U00246,C0005,completed,100,46,2026-02-01T12:40:43
U00247,C0023,started,49,,2026-05-29T04:40:43
U00248,C0182,completed,100,73,2026-04-16T08:40:43
U00248,C0040,completed,100,56,2026-04-26T22:40:43
U00249,C0010,started,61,,2026-05-06T02:40:43
U00249,C0097,started,84,,2026-03-11T22:40:43
U00249,C0009,started,16,,2026-02-22T00:40:43
U00251,C0168,started,83,,2026-03-02T15:40:43
U00251,C0048,dropped,50,,2026-04-09T09:40:43
U00251,C0166,dropped,56,,2026-04-18T01:40:43
U00251,C0163,started,59,,2026-06-11T00:40:43
U00251,C0162,completed,100,66,2026-04-06T02:40:43
U00251,C0176,completed,100,63,2026-05-26T04:40:43
U00251,C0172,started,66,,2026-05-12T23:40:43
U00251,C0171,completed,100,61,2026-05-28T18:40:43
U00251,C0174,started,83,,2026-03-02T01:40:43
U00251,C0042,started,59,,2026-03-16T17:40:43
U00251,C0164,completed,100,45,2026-06-10T15:40:43
U00251,C0174,dropped,33,,2026-04-30T03:40:43
U00251,C0170,completed,100,61,2026-03-14T12:40:43
U00251,C0161,completed,100,46,2026-04-11T12:40:43
U00251,C0170,completed,100,77,2026-02-08T04:40:43
U00252,C0076,dropped,69,,2026-06-30T08:40:43
U00253,C0017,started,73,,2026-05-28T20:40:43
U00253,C0002,completed,100,50,2026-07-20T08:40:43
U00255,C0177,completed,100,48,2026-04-13T12:40:43
U00255,C0039,started,25,,2026-05-08T23:40:43
U00255,C0154,completed,100,68,2026-04-11T06:40:43
U00255,C0041,dropped,26,,2026-04-12T13:40:43
U00257,C0052,completed,100,87,2026-02-21T17:40:43
U00257,C0065,started,83,,2026-05-14T19:40:43
U00257,C0020,started,62,,2026-01-22T23:40:43
U00257,C0159,started,62,,2026-03-27T14:40:43
U00257,C0168,started,38,,2026-02-18T08:40:43
U00257,C0173,started,54,,2026-02-25T11:40:43
U00257,C0168,completed,100,57,2026-02-22T10:40:43
U00257,C0023,started,44,,2026-05-13T05:40:43
U00258,C0167,dropped,40,,2026-03-07T08:40:43
U00258,C0041,started,17,,2026-07-02T22:40:43
U00258,C0039,started,42,,2026-03-04T09:40:43
U00258,C0033,dropped,15,,2026-07-15T10:40:43
U00259,C0034,started,81,,2026-04-05T22:40:43
U00259,C0098,completed,100,44,2026-02-12T16:40:43
U00259,C0186,started,35,,2026-05-15T19:40:43
U00259,C0090,completed,100,96,2026-06-12T10:40:43
U00259,C0183,started,17,,2026-01-23T20:40:43
U00259,C0180,completed,100,100,2026-02-20T08:40:43
U00259,C0189,started,51,,2026-03-20T08:40:43
U00259,C0032,started,27,,2026-01-22T08:40:43
U00259,C0186,dropped,7,,2026-06-17T02:40:43
U00259,C0161,started,76,,2026-02-28T15:40:43
U00259,C0179,started,78,,2026-03-25T15:40:43
U00259,C0181,dropped,14,,2026-02-16T05:40:43
U00259,C0124,completed,100,58,2026-04-03T05:40:43
U00259,C0051,started,73,,2026-05-04T16:40:43
U00259,C0173,started,83,,2026-05-09T06:40:43
U00262,C0072,started,52,,2026-05-27T01:40:43
U00264,C0045,started,80,,2026-05-18T00:40:43
U00264,C0027,started,73,,2026-05-03T09:40:43
U00264,C0028,started,18,,2026-03-23T17:40:43
U00264,C0025,completed,100,98,2026-04-20T22:40:43
U00265,C0056,dropped,8,,2026-04-18T08:40:43
U00265,C0059,completed,100,62,2026-02-01T23:40:43
U00265,C0060,completed,100,58,2026-06-14T06:40:43
U00266,C0061,completed,100,88,2026-02-04T00:40:43
U00267,C0129,completed,100,82,2026-07-11T09:40:43
U00269,C0040,started,58,,2026-03-12T15:40:43
U00269,C0102,started,75,,2026-03-30T08:40:43
U00269,C0014,completed,100,78,2026-07-05T14:40:43
U00269,C0036,completed,100,74,2026-06-15T11:40:43
U00269,C0038,started,24,,2026-06-20T00:40:43
U00269,C0166,started,28,,2026-03-02T07:40:43
U00269,C0037,started,78,,2026-05-10T20:40:43
U00269,C0037,completed,100,62,2026-02-15T17:40:43
U00269,C0034,started,21,,2026-07-11T12:40:43
U00270,C0068,started,23,,2026-01-22T08:40:43
U00270,C0081,dropped,45,,2026-06-02T01:40:43
U00270,C0117,started,77,,2026-02-20T07:40:43
U00270,C0014,started,56,,2026-03-17T18:40:43
U00270,C0159,completed,100,41,2026-06-18T18:40:43
U00270,C0067,started,48,,2026-06-24T16:40:43
U00270,C0075,started,19,,2026-02-15T01:40:43
U00270,C0036,dropped,38,,2026-05-08T20:40:43
U00270,C0079,started,90,,2026-06-18T18:40:43
U00273,C0104,completed,100,71,2026-02-27T15:40:43
U00273,C0008,completed,100,77,2026-06-21T14:40:43
U00276,C0104,dropped,56,,2026-02-18T17:40:43
U00276,C0107,completed,100,62,2026-03-17T00:40:43
U00276,C0106,completed,100,41,2026-03-04T03:40:43
U00276,C0097,dropped,60,,2026-02-25T15:40:43
U00279,C0142,started,18,,2026-07-08T23:40:43
U00279,C0111,started,67,,2026-05-13T00:40:43
U00279,C0098,started,50,,2026-06-14T21:40:43
U00279,C0104,completed,100,75,2026-07-04T02:40:43
U00279,C0098,started,38,,2026-02-09T11:40:43
U00279,C0103,completed,100,65,2026-02-13T16:40:43
U00279,C0109,started,48,,2026-03-25T20:40:43
U00279,C0043,dropped,6,,2026-03-07T02:40:43
U00279,C0053,dropped,27,,2026-05-28T02:40:43
U00279,C0098,started,68,,2026-06-19T02:40:43
U00279,C0107,completed,100,100,2026-04-10T16:40:43
U00279,C0107,completed,100,58,2026-02-22T11:40:43
U00279,C0112,completed,100,64,2026-07-18T06:40:43
U00281,C0087,started,28,,2026-02-13T01:40:43
U00282,C0184,dropped,46,,2026-02-07T18:40:43
U00282,C0045,started,45,,2026-07-16T07:40:43
U00282,C0102,dropped,16,,2026-03-30T06:40:43
U00288,C0182,dropped,50,,2026-01-27T04:40:43
U00288,C0189,completed,100,53,2026-03-22T11:40:43
U00288,C0181,dropped,9,,2026-05-27T08:40:43
U00288,C0150,completed,100,59,2026-03-07T00:40:43
U00291,C0072,completed,100,53,2026-04-16T16:40:43
U00293,C0002,completed,100,51,2026-02-22T15:40:43
U00294,C0134,dropped,53,,2026-01-29T03:40:43
U00295,C0108,completed,100,78,2026-05-03T11:40:43
U00295,C0149,started,46,,2026-04-23T12:40:43
U00295,C0053,completed,100,45,2026-04-13T15:40:43
U00295,C0115,started,58,,2026-05-07T21:40:43
U00295,C0063,started,25,,2026-02-14T02:40:43
U00295,C0087,completed,100,84,2026-06-25T09:40:43
U00296,C0014,completed,100,61,2026-07-07T00:40:43
U00296,C0016,completed,100,88,2026-04-05T09:40:43
U00296,C0006,completed,100,92,2026-01-22T15:40:43
U00296,C0002,completed,100,44,2026-02-12T10:40:43
U00299,C0143,started,90,,2026-03-20T15:40:43
U00299,C0139,started,29,,2026-05-31T14:40:43
U00299,C0140,completed,100,44,2026-06-15T23:40:43
U00299,C0138,completed,100,63,2026-04-06T04:40:43
U00300,C0005,completed,100,52,2026-07-16T10:40:43
U00300,C0008,completed,100,61,2026-05-19T17:40:43
U00300,C0149,dropped,14,,2026-05-29T07:40:43
U00300,C0012,completed,100,80,2026-03-14T23:40:43
U00300,C0007,started,71,,2026-03-05T13:40:43
U00300,C0016,completed,100,52,2026-01-27T20:40:43
U00301,C0087,dropped,22,,2026-07-11T08:40:43
U00304,C0046,completed,100,51,2026-04-01T21:40:43
U00304,C0060,started,28,,2026-03-19T06:40:43
U00304,C0092,started,41,,2026-03-18T00:40:43
U00304,C0093,completed,100,66,2026-05-15T19:40:43
U00304,C0154,completed,100,50,2026-06-09T03:40:43
U00304,C0154,completed,100,93,2026-06-21T11:40:43
U00304,C0149,completed,100,66,2026-02-23T07:40:43
U00304,C0107,completed,100,99,2026-04-27T08:40:43
U00304,C0146,dropped,21,,2026-03-28T22:40:43
U00304,C0040,completed,100,84,2026-07-15T16:40:43
U00304,C0151,started,44,,2026-06-16T09:40:43
U00307,C0037,completed,100,58,2026-03-16T21:40:43
U00307,C0177,started,54,,2026-03-16T12:40:43
U00307,C0181,completed,100,95,2026-03-10T02:40:43
U00308,C0167,started,88,,2026-03-08T07:40:43
U00310,C0063,completed,100,96,2026-06-11T13:40:43
U00310,C0073,completed,100,85,2026-04-10T20:40:43
U00311,C0039,completed,100,54,2026-01-31T07:40:43
U00311,C0142,started,24,,2026-07-04T07:40:43
U00311,C0033,dropped,11,,2026-01-28T19:40:43
U00311,C0041,started,42,,2026-03-04T05:40:43
U00313,C0173,started,75,,2026-06-08T13:40:43
U00313,C0045,completed,100,87,2026-02-08T09:40:43
U00313,C0097,dropped,37,,2026-02-16T02:40:43
U00313,C0149,started,57,,2026-04-05T03:40:43
U00313,C0034,started,34,,2026-06-14T03:40:43
U00313,C0023,completed,100,92,2026-02-04T11:40:43
U00313,C0043,started,24,,2026-03-22T00:40:43
U00313,C0130,completed,100,43,2026-05-26T19:40:43
U00313,C0146,started,18,,2026-07-06T02:40:43
U00313,C0040,started,61,,2026-04-13T19:40:43
U00313,C0039,dropped,29,,2026-03-09T15:40:43
U00314,C0167,completed,100,69,2026-05-01T00:40:43
U00314,C0167,started,11,,2026-06-24T23:40:43
U00314,C0171,completed,100,68,2026-06-22T20:40:43
U00315,C0178,started,87,,2026-07-12T07:40:43
U00315,C0164,completed,100,78,2026-03-08T13:40:43
U00315,C0183,completed,100,46,2026-04-01T09:40:43
U00315,C0189,completed,100,91,2026-03-10T22:40:43
U00315,C0192,dropped,54,,2026-03-31T00:40:43
U00315,C0183,completed,100,50,2026-04-07T09:40:43
U00315,C0178,completed,100,95,2026-07-14T01:40:43
U00315,C0135,completed,100,56,2026-04-20T15:40:43
U00315,C0188,completed,100,68,2026-01-22T07:40:43
U00315,C0184,completed,100,55,2026-05-18T17:40:43
U00315,C0134,started,59,,2026-04-09T14:40:43
U00315,C0191,dropped,66,,2026-04-26T18:40:43
U00317,C0112,completed,100,53,2026-07-20T05:40:43
U00317,C0091,started,69,,2026-06-05T20:40:43
U00317,C0104,started,18,,2026-02-08T00:40:43
U00318,C0165,dropped,52,,2026-05-05T22:40:43
U00318,C0168,started,79,,2026-03-24T05:40:43
U00318,C0016,started,11,,2026-02-07T21:40:43
U00318,C0054,dropped,65,,2026-03-22T21:40:43
U00318,C0020,dropped,69,,2026-05-08T07:40:43
U00319,C0103,started,87,,2026-07-06T11:40:43
U00319,C0083,started,16,,2026-06-14T13:40:43
U00319,C0039,started,47,,2026-03-18T05:40:43
U00319,C0012,completed,100,70,2026-01-24T14:40:43
U00320,C0174,dropped,65,,2026-06-23T23:40:43
U00320,C0174,completed,100,65,2026-04-08T21:40:43
U00320,C0162,completed,100,86,2026-01-27T23:40:43
U00320,C0168,started,44,,2026-07-17T11:40:43
U00321,C0058,dropped,53,,2026-01-27T13:40:43
U00321,C0063,completed,100,84,2026-06-05T07:40:43
U00321,C0147,completed,100,55,2026-02-11T13:40:43
U00324,C0098,completed,100,61,2026-03-16T15:40:43
U00324,C0115,dropped,47,,2026-07-11T12:40:43
U00324,C0003,completed,100,93,2026-06-12T22:40:43
U00324,C0114,started,54,,2026-02-27T17:40:43
U00325,C0031,dropped,63,,2026-03-01T05:40:43
U00325,C0026,completed,100,85,2026-05-30T00:40:43
U00325,C0019,completed,100,46,2026-05-09T17:40:43
U00325,C0019,dropped,54,,2026-05-19T13:40:43
U00325,C0030,dropped,54,,2026-05-09T14:40:43
U00325,C0033,dropped,16,,2026-03-16T13:40:43
U00325,C0030,completed,100,49,2026-03-11T07:40:43
U00325,C0027,started,85,,2026-06-08T12:40:43
U00325,C0021,started,15,,2026-07-12T13:40:43
U00325,C0165,started,60,,2026-02-01T10:40:43
U00325,C0029,completed,100,60,2026-06-28T17:40:43
U00325,C0027,started,28,,2026-03-17T08:40:43
U00325,C0023,completed,100,96,2026-02-05T13:40:43
U00325,C0059,dropped,32,,2026-04-14T16:40:43
U00325,C0049,started,17,,2026-07-06T12:40:43
U00328,C0079,completed,100,86,2026-07-21T02:40:43
U00328,C0130,started,39,,2026-04-26T13:40:43
U00328,C0027,completed,100,100,2026-02-18T06:40:43
U00328,C0008,started,43,,2026-01-22T04:40:43
U00328,C0110,started,63,,2026-04-12T06:40:43
U00328,C0065,completed,100,91,2026-06-30T07:40:43
U00328,C0174,completed,100,62,2026-02-25T02:40:43
U00328,C0185,completed,100,94,2026-07-21T00:40:43
U00328,C0051,dropped,16,,2026-07-12T00:40:43
U00328,C0056,started,88,,2026-04-01T20:40:43
U00328,C0159,completed,100,58,2026-06-16T08:40:43
U00328,C0068,completed,100,48,2026-01-31T22:40:43
U00328,C0126,completed,100,62,2026-02-06T11:40:43
U00328,C0029,dropped,59,,2026-03-20T13:40:43
U00329,C0157,dropped,21,,2026-02-02T19:40:43
U00329,C0151,completed,100,55,2026-04-01T18:40:43
U00329,C0156,started,60,,2026-02-08T06:40:43
U00329,C0157,started,30,,2026-06-03T22:40:43
U00329,C0159,completed,100,84,2026-03-12T11:40:43
U00329,C0151,completed,100,65,2026-06-29T23:40:43
U00329,C0086,started,87,,2026-01-28T13:40:43
U00329,C0145,completed,100,77,2026-02-22T04:40:43
U00329,C0148,started,53,,2026-02-11T20:40:43
U00329,C0149,completed,100,78,2026-03-16T23:40:43
U00329,C0151,dropped,52,,2026-03-07T11:40:43
U00329,C0147,dropped,42,,2026-06-19T21:40:43
U00329,C0157,completed,100,75,2026-02-22T05:40:43
U00330,C0044,dropped,49,,2026-06-27T18:40:43
U00330,C0035,completed,100,93,2026-05-03T19:40:43
U00331,C0082,started,87,,2026-06-04T03:40:43
U00333,C0079,completed,100,96,2026-03-18T00:40:43
U00333,C0008,completed,100,89,2026-06-14T17:40:43
U00333,C0068,started,29,,2026-04-24T15:40:43
U00333,C0077,dropped,9,,2026-03-17T03:40:43
U00333,C0065,completed,100,81,2026-02-18T00:40:43
U00333,C0070,started,34,,2026-04-07T16:40:43
U00333,C0068,completed,100,41,2026-04-14T06:40:43
U00334,C0119,started,27,,2026-05-16T06:40:43
U00334,C0174,started,83,,2026-03-28T00:40:43
U00334,C0122,dropped,46,,2026-03-16T13:40:43
U00334,C0121,completed,100,100,2026-02-01T16:40:43
U00334,C0126,completed,100,98,2026-03-17T03:40:43
U00336,C0090,started,57,,2026-05-26T03:40:43
U00336,C0083,started,64,,2026-03-02T18:40:43
U00336,C0108,dropped,70,,2026-05-31T14:40:43
U00336,C0071,completed,100,75,2026-05-23T14:40:43
U00337,C0102,dropped,68,,2026-05-26T22:40:43
U00337,C0075,started,13,,2026-02-01T21:40:43
U00337,C0160,started,75,,2026-02-16T02:40:43
U00337,C0158,completed,100,79,2026-02-28T05:40:43
U00337,C0169,completed,100,95,2026-04-01T16:40:43
U00337,C0130,completed,100,88,2026-05-04T01:40:43
U00337,C0082,completed,100,74,2026-05-13T23:40:43
U00337,C0145,started,35,,2026-05-11T06:40:43
U00337,C0151,completed,100,84,2026-03-23T21:40:43
U00337,C0160,dropped,45,,2026-05-12T15:40:43
U00338,C0161,started,13,,2026-07-04T22:40:43
U00338,C0044,started,14,,2026-01-29T07:40:43
U00338,C0161,started,53,,2026-07-15T14:40:43
U00338,C0036,completed,100,61,2026-05-24T09:40:43
U00338,C0047,completed,100,89,2026-01-26T14:40:43
U00338,C0056,completed,100,79,2026-04-28T05:40:43
U00338,C0036,started,40,,2026-02-03T00:40:43
U00338,C0041,dropped,26,,2026-04-10T00:40:43
U00338,C0047,dropped,24,,2026-03-01T22:40:43
U00338,C0102,dropped,49,,2026-06-22T13:40:43
U00340,C0076,completed,100,61,2026-07-01T03:40:43
U00340,C0098,completed,100,92,2026-02-11T09:40:43
U00341,C0160,completed,100,99,2026-05-05T00:40:43
U00341,C0088,completed,100,84,2026-07-12T22:40:43
U00341,C0150,completed,100,46,2026-04-05T21:40:43
U00343,C0181,dropped,45,,2026-03-22T00:40:43
U00343,C0182,completed,100,56,2026-06-26T06:40:43
U00343,C0009,completed,100,72,2026-02-03T21:40:43
U00343,C0177,completed,100,99,2026-07-05T22:40:43
U00344,C0104,started,40,,2026-02-12T16:40:43
U00345,C0192,dropped,44,,2026-04-27T10:40:43
U00346,C0133,dropped,21,,2026-01-28T13:40:43
U00346,C0120,completed,100,46,2026-06-07T05:40:43
U00346,C0152,dropped,9,,2026-05-03T19:40:43
U00346,C0147,completed,100,81,2026-06-13T10:40:43
U00346,C0152,completed,100,63,2026-07-09T14:40:43
U00346,C0150,completed,100,55,2026-06-24T04:40:43
U00346,C0160,completed,100,63,2026-03-29T23:40:43
U00346,C0147,started,52,,2026-05-07T17:40:43
U00346,C0154,completed,100,52,2026-06-29T19:40:43
U00346,C0058,started,88,,2026-04-17T04:40:43
U00346,C0018,completed,100,94,2026-06-10T14:40:43
U00346,C0128,started,23,,2026-04-30T11:40:43
U00346,C0148,dropped,64,,2026-02-17T07:40:43
U00346,C0155,dropped,62,,2026-05-28T06:40:43
U00347,C0131,completed,100,86,2026-03-14T20:40:43
U00347,C0133,started,85,,2026-03-03T04:40:43
U00347,C0131,completed,100,68,2026-05-26T14:40:43
U00347,C0144,started,13,,2026-04-21T07:40:43
U00348,C0031,completed,100,62,2026-02-18T12:40:43
U00348,C0179,completed,100,52,2026-07-07T03:40:43
U00348,C0018,started,32,,2026-07-20T07:40:43
U00348,C0104,completed,100,75,2026-02-15T10:40:43
U00349,C0006,completed,100,72,2026-04-09T21:40:43
U00349,C0008,completed,100,43,2026-05-13T11:40:43
U00349,C0183,started,68,,2026-01-29T00:40:43
U00349,C0163,completed,100,86,2026-06-14T04:40:43
U00349,C0132,started,41,,2026-03-02T14:40:43
U00349,C0166,started,50,,2026-06-26T04:40:43
U00349,C0173,started,79,,2026-05-03T06:40:43
U00349,C0164,started,80,,2026-06-08T00:40:43
U00349,C0034,completed,100,87,2026-05-31T14:40:43
U00350,C0084,completed,100,80,2026-04-07T04:40:43
U00350,C0081,started,82,,2026-01-28T14:40:43
U00350,C0176,dropped,53,,2026-02-18T11:40:43
U00350,C0090,completed,100,67,2026-03-20T06:40:43
U00350,C0081,completed,100,45,2026-05-16T13:40:43
U00350,C0016,dropped,63,,2026-06-21T22:40:43
U00350,C0092,dropped,8,,2026-02-03T14:40:43
U00350,C0091,started,37,,2026-03-26T11:40:43
U00350,C0083,completed,100,96,2026-02-22T09:40:43
U00350,C0170,completed,100,99,2026-04-18T22:40:43
U00350,C0045,completed,100,64,2026-06-21T16:40:43
U00350,C0094,completed,100,55,2026-03-30T21:40:43
U00350,C0030,completed,100,94,2026-04-04T04:40:43
U00350,C0093,started,61,,2026-04-14T21:40:43
U00350,C0081,completed,100,71,2026-05-28T21:40:43
U00352,C0006,completed,100,53,2026-01-26T15:40:43
U00352,C0077,dropped,43,,2026-05-05T23:40:43
U00352,C0048,completed,100,86,2026-05-27T11:40:43
U00352,C0116,started,68,,2026-04-06T08:40:43
U00353,C0028,started,75,,2026-05-24T08:40:43
U00353,C0142,started,63,,2026-05-14T20:40:43
U00356,C0096,dropped,32,,2026-04-15T18:40:43
U00356,C0088,started,45,,2026-03-05T04:40:43
U00356,C0088,completed,100,54,2026-01-26T09:40:43
U00356,C0150,completed,100,49,2026-01-21T16:40:43
U00358,C0107,completed,100,57,2026-07-05T10:40:43
U00358,C0013,completed,100,83,2026-06-13T17:40:43
U00358,C0015,started,75,,2026-06-11T03:40:43
U00358,C0007,started,78,,2026-06-21T21:40:43
U00359,C0123,completed,100,73,2026-02-14T12:40:43
U00359,C0185,dropped,66,,2026-05-09T17:40:43
U00359,C0146,completed,100,99,2026-06-17T08:40:43
U00359,C0180,started,62,,2026-04-26T22:40:43
U00360,C0084,dropped,6,,2026-04-02T09:40:43
U00361,C0104,started,62,,2026-05-31T08:40:43
U00361,C0111,dropped,51,,2026-04-21T21:40:43
U00361,C0190,started,86,,2026-05-03T16:40:43
U00362,C0131,started,37,,2026-03-08T13:40:43
U00362,C0162,completed,100,100,2026-06-08T13:40:43
U00362,C0103,completed,100,40,2026-03-16T09:40:43
U00362,C0112,completed,100,90,2026-01-27T13:40:43
U00364,C0180,dropped,35,,2026-07-01T20:40:43
U00364,C0139,started,14,,2026-07-10T02:40:43
U00365,C0134,completed,100,87,2026-05-07T00:40:43
U00366,C0123,completed,100,97,2026-05-21T14:40:43
U00366,C0116,started,45,,2026-05-26T16:40:43
U00366,C0043,completed,100,97,2026-04-25T08:40:43
U00367,C0150,completed,100,96,2026-07-03T15:40:43
U00367,C0080,dropped,27,,2026-06-23T13:40:43
U00367,C0183,completed,100,42,2026-06-19T13:40:43
U00368,C0089,completed,100,46,2026-05-28T12:40:43
U00368,C0075,started,50,,2026-04-13T05:40:43
U00369,C0176,completed,100,73,2026-02-01T12:40:43
U00369,C0162,completed,100,67,2026-01-23T14:40:43
U00369,C0175,started,45,,2026-07-12T18:40:43
U00369,C0150,completed,100,69,2026-03-19T15:40:43
U00369,C0059,completed,100,88,2026-06-27T22:40:43
U00369,C0163,started,36,,2026-05-26T16:40:43
U00369,C0174,completed,100,70,2026-01-25T07:40:43
U00369,C0168,completed,100,40,2026-01-22T06:40:43
U00369,C0166,completed,100,87,2026-05-13T08:40:43
U00369,C0136,dropped,12,,2026-04-06T14:40:43
U00369,C0040,completed,100,59,2026-07-18T08:40:43
U00369,C0026,started,31,,2026-05-06T18:40:43
U00369,C0069,completed,100,82,2026-07-14T06:40:43
U00369,C0060,started,86,,2026-05-03T21:40:43
U00370,C0174,completed,100,61,2026-04-06T03:40:43
U00372,C0144,completed,100,79,2026-03-04T16:40:43
U00372,C0063,started,49,,2026-02-09T07:40:43
U00372,C0139,dropped,12,,2026-03-13T06:40:43
U00372,C0131,completed,100,92,2026-07-03T11:40:43
U00372,C0093,completed,100,57,2026-06-04T12:40:43
U00372,C0134,started,32,,2026-05-20T20:40:43
U00372,C0141,completed,100,82,2026-04-03T16:40:43
U00372,C0134,completed,100,54,2026-05-22T18:40:43
U00372,C0137,started,18,,2026-02-10T18:40:43
U00373,C0008,completed,100,59,2026-06-19T03:40:43
U00373,C0042,started,64,,2026-01-30T06:40:43
U00373,C0151,started,34,,2026-05-31T02:40:43
U00373,C0136,dropped,37,,2026-05-28T20:40:43
U00373,C0157,completed,100,79,2026-05-16T12:40:43
U00373,C0158,completed,100,63,2026-05-09T06:40:43
U00373,C0150,completed,100,79,2026-06-16T18:40:43
U00373,C0145,completed,100,53,2026-04-25T11:40:43
U00374,C0172,completed,100,96,2026-03-20T15:40:43
U00374,C0062,dropped,59,,2026-05-10T01:40:43
U00374,C0164,dropped,65,,2026-04-09T01:40:43
U00376,C0123,started,80,,2026-03-12T21:40:43
U00376,C0121,dropped,56,,2026-01-31T23:40:43
U00377,C0121,completed,100,66,2026-01-23T08:40:43
U00377,C0113,dropped,60,,2026-02-22T10:40:43
U00377,C0121,completed,100,98,2026-06-30T09:40:43
U00377,C0119,completed,100,56,2026-03-29T08:40:43
U00378,C0110,completed,100,40,2026-02-04T01:40:43
U00378,C0110,dropped,17,,2026-04-13T20:40:43
U00378,C0070,started,36,,2026-04-17T16:40:43
U00378,C0107,started,45,,2026-04-30T11:40:43
U00379,C0120,completed,100,59,2026-07-10T07:40:43
U00379,C0185,dropped,60,,2026-07-02T20:40:43
U00379,C0134,dropped,62,,2026-06-20T02:40:43
U00379,C0043,started,40,,2026-03-06T01:40:43
U00380,C0054,completed,100,95,2026-05-04T19:40:43
U00380,C0030,completed,100,55,2026-03-10T15:40:43
U00380,C0056,completed,100,66,2026-02-28T10:40:43
U00380,C0059,completed,100,54,2026-07-16T12:40:43
U00380,C0003,dropped,23,,2026-03-30T18:40:43
U00380,C0059,started,88,,2026-02-05T05:40:43
U00380,C0058,completed,100,72,2026-04-18T07:40:43
U00380,C0192,completed,100,73,2026-04-15T20:40:43
U00380,C0055,completed,100,66,2026-06-14T10:40:43
U00380,C0190,started,48,,2026-01-28T02:40:43
U00380,C0057,completed,100,89,2026-02-17T23:40:43
U00380,C0184,started,78,,2026-07-02T14:40:43
U00381,C0143,completed,100,45,2026-03-20T13:40:43
U00381,C0015,dropped,20,,2026-03-29T02:40:43
U00381,C0140,completed,100,96,2026-04-03T06:40:43
U00381,C0045,started,60,,2026-03-29T18:40:43
U00381,C0130,completed,100,97,2026-03-01T16:40:43
U00381,C0144,started,73,,2026-04-16T16:40:43
U00381,C0138,completed,100,100,2026-05-08T19:40:43
U00381,C0044,dropped,62,,2026-03-26T03:40:43
U00382,C0064,completed,100,66,2026-02-28T20:40:43
U00382,C0137,dropped,7,,2026-03-20T22:40:43
U00382,C0131,completed,100,68,2026-04-23T05:40:43
U00382,C0131,completed,100,70,2026-05-28T15:40:43
U00382,C0002,completed,100,81,2026-07-09T17:40:43
U00383,C0093,completed,100,72,2026-06-13T04:40:43
U00383,C0185,completed,100,73,2026-04-26T15:40:43
U00383,C0088,completed,100,51,2026-05-30T14:40:43
U00383,C0078,completed,100,42,2026-02-09T14:40:43
U00383,C0161,dropped,9,,2026-05-15T21:40:43
U00385,C0184,dropped,51,,2026-04-05T09:40:43
U00385,C0189,dropped,15,,2026-06-28T18:40:43
U00385,C0187,completed,100,87,2026-03-29T03:40:43
U00385,C0179,completed,100,59,2026-03-22T21:40:43
U00385,C0179,completed,100,88,2026-02-05T22:40:43
U00385,C0177,started,69,,2026-02-21T22:40:43
U00386,C0117,completed,100,41,2026-04-16T13:40:43
U00386,C0125,completed,100,78,2026-02-21T00:40:43
U00386,C0115,started,31,,2026-01-23T04:40:43
U00386,C0006,completed,100,51,2026-03-15T22:40:43
U00387,C0032,completed,100,79,2026-03-06T22:40:43
U00387,C0021,started,17,,2026-04-22T09:40:43
U00387,C0019,completed,100,64,2026-07-13T02:40:43
U00387,C0031,dropped,32,,2026-03-01T17:40:43
U00387,C0079,completed,100,72,2026-04-26T06:40:43
U00390,C0139,completed,100,58,2026-06-25T11:40:43
U00390,C0182,dropped,33,,2026-03-13T20:40:43
U00391,C0142,completed,100,99,2026-03-15T20:40:43
U00391,C0071,started,36,,2026-04-19T09:40:43
U00391,C0071,started,55,,2026-03-12T00:40:43
U00393,C0131,completed,100,100,2026-02-11T19:40:43
U00393,C0086,completed,100,71,2026-03-02T16:40:43
U00393,C0162,dropped,43,,2026-01-21T14:40:43
U00393,C0022,dropped,53,,2026-04-28T00:40:43
U00393,C0029,completed,100,88,2026-02-13T06:40:43
U00393,C0167,dropped,17,,2026-02-21T04:40:43
U00393,C0163,completed,100,85,2026-07-10T12:40:43
U00393,C0167,dropped,13,,2026-05-15T23:40:43
U00393,C0165,completed,100,92,2026-06-07T02:40:43
U00393,C0028,completed,100,87,2026-05-21T10:40:43
U00393,C0180,started,75,,2026-05-02T07:40:43
U00394,C0179,started,61,,2026-06-29T05:40:43
U00394,C0187,dropped,50,,2026-04-20T05:40:43
U00395,C0034,started,49,,2026-05-07T11:40:43
U00395,C0035,completed,100,46,2026-07-08T16:40:43
U00395,C0190,completed,100,75,2026-05-04T14:40:43
U00395,C0095,completed,100,93,2026-04-02T04:40:43
U00395,C0075,dropped,43,,2026-06-20T18:40:43
U00395,C0036,started,88,,2026-02-18T03:40:43
U00396,C0115,dropped,18,,2026-07-15T22:40:43
U00397,C0099,started,77,,2026-02-09T07:40:43
U00397,C0185,started,25,,2026-04-08T18:40:43
U00397,C0181,started,20,,2026-02-08T20:40:43
U00397,C0189,started,58,,2026-02-12T17:40:43
U00397,C0033,completed,100,80,2026-05-12T20:40:43
U00397,C0179,completed,100,40,2026-04-23T17:40:43
U00397,C0188,completed,100,88,2026-06-17T18:40:43
U00397,C0007,started,13,,2026-07-09T15:40:43
U00397,C0075,completed,100,87,2026-06-19T03:40:43
U00397,C0143,dropped,23,,2026-02-15T00:40:43
U00397,C0187,started,15,,2026-04-27T14:40:43
U00398,C0149,dropped,56,,2026-07-16T23:40:43
U00398,C0145,started,33,,2026-05-15T11:40:43
U00398,C0156,dropped,66,,2026-05-14T21:40:43
U00398,C0107,started,84,,2026-07-16T03:40:43
U00398,C0171,completed,100,84,2026-05-16T05:40:43
U00398,C0157,completed,100,93,2026-04-21T22:40:43
U00398,C0064,completed,100,99,2026-03-12T21:40:43
U00398,C0108,completed,100,98,2026-02-13T16:40:43
U00398,C0023,completed,100,43,2026-04-05T15:40:43
U00398,C0149,dropped,7,,2026-06-29T08:40:43
U00398,C0061,started,45,,2026-03-19T17:40:43
U00398,C0159,dropped,15,,2026-02-23T16:40:43
U00398,C0145,started,25,,2026-05-16T19:40:43
U00398,C0155,completed,100,75,2026-06-07T13:40:43
U00398,C0154,started,25,,2026-05-15T21:40:43
U00399,C0058,completed,100,75,2026-05-20T17:40:43
U00399,C0019,dropped,57,,2026-03-22T05:40:43
U00399,C0155,completed,100,48,2026-02-02T12:40:43
U00399,C0017,dropped,37,,2026-03-12T19:40:43
U00399,C0030,dropped,47,,2026-04-14T13:40:43
U00400,C0054,dropped,25,,2026-03-09T06:40:43
U00400,C0004,completed,100,49,2026-05-20T00:40:43
U00402,C0090,completed,100,93,2026-04-03T20:40:43
U00402,C0176,completed,100,79,2026-04-10T03:40:43
U00402,C0088,completed,100,57,2026-05-10T17:40:43
U00403,C0163,started,35,,2026-06-30T20:40:43
U00403,C0172,completed,100,85,2026-04-27T16:40:43
U00403,C0144,started,68,,2026-05-12T09:40:43
U00403,C0026,dropped,54,,2026-01-27T06:40:43
U00404,C0180,completed,100,79,2026-03-16T22:40:43
U00404,C0040,started,62,,2026-04-21T01:40:43
U00404,C0044,completed,100,67,2026-05-03T08:40:43
U00405,C0062,started,11,,2026-07-08T17:40:43
U00405,C0086,started,24,,2026-04-11T05:40:43
U00405,C0027,completed,100,81,2026-02-08T07:40:43
U00405,C0057,started,77,,2026-05-10T18:40:43
U00406,C0070,completed,100,66,2026-03-02T10:40:43
U00406,C0073,completed,100,84,2026-07-09T09:40:43
U00406,C0130,started,36,,2026-06-01T02:40:43
U00406,C0067,dropped,47,,2026-05-25T21:40:43
U00406,C0093,completed,100,87,2026-03-19T08:40:43
U00406,C0089,started,12,,2026-04-24T04:40:43
U00406,C0077,started,65,,2026-03-19T03:40:43
U00406,C0101,completed,100,43,2026-02-10T01:40:43
U00407,C0067,started,29,,2026-03-08T00:40:43
U00407,C0085,dropped,51,,2026-07-11T06:40:43
U00407,C0091,completed,100,94,2026-02-04T14:40:43
U00407,C0088,dropped,68,,2026-03-27T01:40:43
U00407,C0133,started,30,,2026-04-14T06:40:43
U00407,C0087,dropped,52,,2026-04-10T20:40:43
U00407,C0074,completed,100,40,2026-03-28T18:40:43
U00407,C0016,dropped,15,,2026-01-31T17:40:43
U00407,C0019,completed,100,63,2026-04-18T09:40:43
U00407,C0089,started,49,,2026-02-17T06:40:43
U00407,C0084,completed,100,57,2026-02-12T18:40:43
U00409,C0187,completed,100,70,2026-05-12T21:40:43
U00409,C0188,completed,100,60,2026-02-22T10:40:43
U00409,C0188,completed,100,86,2026-02-15T03:40:43
U00409,C0183,completed,100,59,2026-05-25T22:40:43
U00409,C0192,started,62,,2026-02-27T06:40:43
U00409,C0177,dropped,39,,2026-02-15T10:40:43
U00409,C0184,started,24,,2026-04-24T05:40:43
U00409,C0191,completed,100,43,2026-02-02T10:40:43
U00411,C0015,dropped,41,,2026-02-14T03:40:43
U00411,C0003,dropped,38,,2026-01-24T18:40:43
U00411,C0006,completed,100,63,2026-03-23T19:40:43
U00411,C0009,started,53,,2026-05-12T15:40:43
U00411,C0176,completed,100,65,2026-03-07T01:40:43
U00411,C0095,started,50,,2026-06-13T04:40:43
U00411,C0140,dropped,49,,2026-03-02T11:40:43
U00411,C0172,completed,100,78,2026-05-04T20:40:43
U00411,C0004,completed,100,65,2026-07-10T07:40:43
U00411,C0137,completed,100,47,2026-06-01T22:40:43
U00411,C0007,completed,100,81,2026-02-08T02:40:43
U00411,C0010,started,23,,2026-05-17T23:40:43
U00411,C0116,started,73,,2026-01-30T17:40:43
U00411,C0008,dropped,20,,2026-03-01T00:40:43
U00411,C0155,dropped,32,,2026-03-16T02:40:43
U00412,C0191,started,87,,2026-04-13T08:40:43
U00412,C0191,completed,100,83,2026-07-13T14:40:43
U00412,C0031,completed,100,100,2026-04-13T21:40:43
U00412,C0185,completed,100,71,2026-03-03T22:40:43
U00413,C0091,completed,100,65,2026-01-22T07:40:43
U00413,C0108,completed,100,89,2026-05-21T14:40:43
U00413,C0110,completed,100,83,2026-05-19T00:40:43
U00413,C0112,dropped,52,,2026-01-30T00:40:43
U00413,C0158,started,17,,2026-03-27T07:40:43
U00413,C0103,started,20,,2026-05-28T04:40:43
U00413,C0023,completed,100,44,2026-05-13T05:40:43
U00415,C0170,dropped,34,,2026-04-01T23:40:43
U00415,C0059,completed,100,89,2026-02-25T22:40:43
U00415,C0163,dropped,39,,2026-03-10T11:40:43
U00417,C0178,dropped,34,,2026-04-18T15:40:43
U00417,C0188,completed,100,49,2026-04-13T11:40:43
U00417,C0187,started,63,,2026-05-21T12:40:43
U00417,C0185,completed,100,91,2026-07-04T07:40:43
U00417,C0141,completed,100,77,2026-06-25T09:40:43
U00417,C0165,dropped,26,,2026-07-02T03:40:43
U00417,C0043,dropped,53,,2026-06-30T08:40:43
U00417,C0181,dropped,44,,2026-04-12T01:40:43
U00417,C0185,completed,100,57,2026-04-16T00:40:43
U00417,C0044,completed,100,60,2026-05-11T02:40:43
U00417,C0020,completed,100,84,2026-03-06T14:40:43
U00417,C0187,started,58,,2026-03-28T05:40:43
U00417,C0177,completed,100,49,2026-07-07T05:40:43
U00417,C0180,completed,100,53,2026-03-29T12:40:43
U00417,C0186,completed,100,74,2026-05-10T20:40:43
U00418,C0053,started,19,,2026-05-15T14:40:43
U00418,C0055,started,44,,2026-07-06T08:40:43
U00418,C0063,started,36,,2026-04-13T11:40:43
U00418,C0064,dropped,55,,2026-05-07T21:40:43
U00418,C0001,dropped,66,,2026-04-01T08:40:43
U00418,C0063,completed,100,87,2026-02-17T00:40:43
U00418,C0062,completed,100,84,2026-07-04T15:40:43
U00418,C0052,completed,100,42,2026-05-09T18:40:43
U00418,C0061,completed,100,82,2026-05-06T08:40:43
U00419,C0150,completed,100,59,2026-02-04T01:40:43
U00419,C0078,completed,100,46,2026-02-20T16:40:43
U00422,C0145,completed,100,98,2026-05-17T17:40:43
U00422,C0192,completed,100,54,2026-05-06T07:40:43
U00422,C0180,completed,100,78,2026-03-27T14:40:43
U00422,C0179,completed,100,63,2026-02-27T17:40:43
U00422,C0189,dropped,23,,2026-02-22T23:40:43
U00422,C0177,completed,100,51,2026-06-21T01:40:43
U00422,C0024,completed,100,65,2026-06-16T01:40:43
U00422,C0097,started,24,,2026-04-03T17:40:43
U00422,C0015,completed,100,57,2026-03-12T11:40:43
U00422,C0184,started,57,,2026-03-04T04:40:43
U00422,C0071,completed,100,79,2026-02-08T09:40:43
U00422,C0188,completed,100,96,2026-04-29T09:40:43
U00422,C0187,dropped,53,,2026-02-25T05:40:43
U00422,C0188,started,30,,2026-07-01T02:40:43
U00422,C0179,started,79,,2026-05-20T05:40:43
U00424,C0113,dropped,48,,2026-02-16T21:40:43
U00424,C0128,started,72,,2026-01-23T11:40:43
U00424,C0124,completed,100,68,2026-07-06T17:40:43
U00424,C0117,started,58,,2026-07-20T01:40:43
U00426,C0171,started,67,,2026-04-13T18:40:43
U00426,C0095,completed,100,65,2026-03-25T21:40:43
U00427,C0013,started,49,,2026-04-28T15:40:43
U00427,C0159,completed,100,82,2026-05-23T09:40:43
U00427,C0120,started,38,,2026-06-06T03:40:43
U00427,C0094,completed,100,86,2026-03-28T01:40:43
U00427,C0121,dropped,48,,2026-06-22T11:40:43
U00427,C0089,dropped,10,,2026-02-21T02:40:43
U00427,C0119,dropped,16,,2026-04-23T23:40:43
U00427,C0091,dropped,25,,2026-03-20T10:40:43
U00427,C0092,dropped,43,,2026-03-20T22:40:43
U00427,C0020,started,83,,2026-03-21T23:40:43
U00427,C0095,completed,100,83,2026-04-22T22:40:43
U00428,C0015,started,59,,2026-01-27T17:40:43
U00428,C0011,started,13,,2026-05-29T17:40:43
U00430,C0172,completed,100,40,2026-03-31T23:40:43
U00430,C0182,dropped,57,,2026-07-04T05:40:43
U00430,C0174,completed,100,70,2026-07-12T16:40:43
U00430,C0127,dropped,61,,2026-02-19T00:40:43
U00431,C0030,started,38,,2026-03-15T21:40:43
U00431,C0031,started,20,,2026-07-06T21:40:43
U00432,C0078,started,14,,2026-04-07T18:40:43
U00432,C0166,started,30,,2026-05-23T05:40:43
U00432,C0050,completed,100,53,2026-02-13T17:40:43
U00432,C0073,completed,100,90,2026-04-09T13:40:43
U00432,C0105,completed,100,83,2026-07-20T23:40:43
U00432,C0165,started,66,,2026-03-05T23:40:43
U00432,C0069,completed,100,45,2026-06-16T19:40:43
U00432,C0080,completed,100,43,2026-07-12T23:40:43
U00432,C0073,completed,100,92,2026-03-01T01:40:43
U00432,C0080,completed,100,61,2026-05-20T08:40:43
U00434,C0188,completed,100,59,2026-06-14T19:40:43
U00435,C0031,completed,100,59,2026-06-18T00:40:43
U00435,C0017,completed,100,95,2026-04-03T18:40:43
U00435,C0031,completed,100,41,2026-01-29T06:40:43
U00435,C0021,started,41,,2026-07-01T20:40:43
U00435,C0019,completed,100,85,2026-04-28T18:40:43
U00435,C0030,dropped,21,,2026-03-04T20:40:43
U00435,C0032,started,76,,2026-03-16T05:40:43
U00435,C0179,started,30,,2026-05-02T17:40:43
U00435,C0030,started,24,,2026-03-21T14:40:43
U00435,C0026,completed,100,67,2026-07-19T04:40:43
U00438,C0081,completed,100,84,2026-07-11T06:40:43
U00439,C0035,started,12,,2026-06-13T14:40:43
U00439,C0033,started,72,,2026-04-20T02:40:43
U00439,C0041,started,45,,2026-03-07T20:40:43
U00440,C0089,completed,100,48,2026-03-24T01:40:43
U00441,C0086,completed,100,83,2026-02-24T21:40:43
U00445,C0059,started,79,,2026-06-03T05:40:43
U00445,C0060,completed,100,71,2026-06-15T04:40:43
U00445,C0061,completed,100,81,2026-07-18T22:40:43
U00445,C0051,dropped,47,,2026-03-28T16:40:43
U00445,C0053,completed,100,44,2026-05-13T12:40:43
U00445,C0084,completed,100,69,2026-07-20T08:40:43
U00445,C0052,completed,100,71,2026-02-15T20:40:43
U00445,C0005,completed,100,76,2026-06-18T10:40:43
U00445,C0053,completed,100,86,2026-04-22T07:40:43
U00445,C0053,dropped,62,,2026-07-21T03:40:43
U00445,C0055,completed,100,77,2026-04-24T19:40:43
U00447,C0060,dropped,20,,2026-07-01T22:40:43
U00447,C0159,started,86,,2026-06-09T11:40:43
U00447,C0123,dropped,63,,2026-05-04T13:40:43
U00447,C0070,started,69,,2026-05-21T17:40:43
U00447,C0061,started,86,,2026-06-30T19:40:43
U00447,C0051,started,83,,2026-03-22T12:40:43
U00447,C0062,completed,100,69,2026-03-21T06:40:43
U00447,C0074,started,49,,2026-05-31T15:40:43
U00447,C0079,completed,100,50,2026-02-16T23:40:43
U00447,C0052,completed,100,65,2026-05-04T04:40:43
U00448,C0034,completed,100,54,2026-05-12T18:40:43
U00448,C0170,started,70,,2026-02-22T22:40:43
U00448,C0161,completed,100,76,2026-05-09T11:40:43
U00448,C0108,completed,100,70,2026-04-06T07:40:43
U00448,C0070,completed,100,84,2026-01-25T07:40:43
U00448,C0073,completed,100,99,2026-07-13T04:40:43
U00448,C0072,started,20,,2026-05-13T15:40:43
U00448,C0027,started,40,,2026-06-23T13:40:43
U00448,C0079,started,33,,2026-04-11T02:40:43
U00448,C0080,dropped,47,,2026-04-04T17:40:43
U00448,C0001,completed,100,73,2026-05-14T07:40:43
U00448,C0055,dropped,39,,2026-03-29T02:40:43
U00448,C0072,dropped,46,,2026-02-13T22:40:43
U00448,C0192,completed,100,91,2026-06-30T00:40:43
U00448,C0065,completed,100,50,2026-04-02T06:40:43
U00449,C0061,completed,100,42,2026-05-31T07:40:43
U00449,C0002,completed,100,80,2026-07-06T22:40:43
U00449,C0031,completed,100,95,2026-02-06T02:40:43
U00449,C0031,completed,100,55,2026-01-22T01:40:43
U00449,C0018,completed,100,58,2026-06-05T15:40:43
U00449,C0029,completed,100,78,2026-06-14T12:40:43
U00449,C0014,completed,100,63,2026-05-13T17:40:43
U00449,C0023,completed,100,54,2026-01-26T17:40:43
U00449,C0017,started,37,,2026-01-30T17:40:43
U00449,C0188,started,70,,2026-02-28T13:40:43
U00449,C0031,started,75,,2026-06-26T04:40:43
U00449,C0032,started,53,,2026-05-18T15:40:43
U00450,C0134,dropped,59,,2026-05-03T08:40:43
U00450,C0042,completed,100,99,2026-05-18T11:40:43
U00450,C0140,started,68,,2026-06-11T10:40:43
U00450,C0140,started,19,,2026-04-10T10:40:43
U00450,C0133,completed,100,92,2026-07-13T20:40:43
U00450,C0092,completed,100,94,2026-03-16T10:40:43
U00450,C0066,started,29,,2026-02-05T14:40:43
U00450,C0093,completed,100,45,2026-02-19T16:40:43
U00450,C0140,dropped,21,,2026-04-30T04:40:43
U00450,C0130,dropped,14,,2026-02-21T09:40:43
U00450,C0188,dropped,49,,2026-05-24T12:40:43
U00450,C0153,dropped,13,,2026-02-13T13:40:43
U00450,C0027,completed,100,94,2026-05-02T00:40:43
U00450,C0132,dropped,55,,2026-04-02T04:40:43
U00450,C0133,dropped,57,,2026-05-20T11:40:43
U00451,C0078,started,19,,2026-01-30T14:40:43
U00451,C0172,dropped,60,,2026-05-22T01:40:43
U00451,C0065,completed,100,100,2026-07-03T01:40:43
U00451,C0069,started,87,,2026-02-27T14:40:43
U00451,C0076,completed,100,66,2026-02-18T21:40:43
U00451,C0067,completed,100,83,2026-05-26T13:40:43
U00451,C0002,completed,100,77,2026-07-12T08:40:43
U00451,C0074,completed,100,66,2026-06-27T10:40:43
U00451,C0149,completed,100,72,2026-03-08T19:40:43
U00451,C0071,started,60,,2026-02-03T08:40:43
U00451,C0072,completed,100,47,2026-04-07T19:40:43
U00452,C0140,dropped,10,,2026-04-22T15:40:43
U00452,C0141,completed,100,65,2026-02-28T18:40:43
U00452,C0112,started,14,,2026-07-17T20:40:43
U00453,C0065,completed,100,75,2026-06-22T14:40:43
U00453,C0079,started,34,,2026-03-26T05:40:43
U00453,C0074,started,76,,2026-05-24T12:40:43
U00453,C0008,started,61,,2026-02-16T21:40:43
U00453,C0140,started,42,,2026-04-24T02:40:43
U00453,C0062,completed,100,45,2026-05-15T23:40:43
U00453,C0066,dropped,53,,2026-03-08T19:40:43
U00453,C0124,started,81,,2026-04-25T20:40:43
U00453,C0030,completed,100,67,2026-07-10T00:40:43
U00453,C0093,started,48,,2026-05-19T09:40:43
U00453,C0079,started,28,,2026-07-16T12:40:43
U00453,C0076,completed,100,62,2026-04-03T01:40:43
U00454,C0128,completed,100,70,2026-05-21T11:40:43
U00454,C0029,completed,100,75,2026-03-20T08:40:43
U00454,C0118,dropped,18,,2026-04-17T02:40:43
U00454,C0117,started,23,,2026-06-15T03:40:43
U00454,C0044,dropped,42,,2026-04-26T01:40:43
U00454,C0114,dropped,42,,2026-02-20T10:40:43
U00454,C0114,completed,100,77,2026-03-03T05:40:43
U00454,C0128,completed,100,69,2026-05-21T19:40:43
U00455,C0036,completed,100,40,2026-05-31T02:40:43
U00455,C0040,completed,100,43,2026-07-14T11:40:43
U00456,C0134,completed,100,79,2026-05-25T11:40:43
U00456,C0137,started,82,,2026-02-26T15:40:43
U00456,C0137,completed,100,64,2026-06-11T19:40:43
U00457,C0173,started,53,,2026-06-11T21:40:43
U00457,C0173,started,31,,2026-06-19T04:40:43
U00460,C0063,completed,100,94,2026-06-25T06:40:43
U00460,C0060,completed,100,87,2026-07-10T03:40:43
U00460,C0054,completed,100,72,2026-07-18T01:40:43
U00460,C0061,completed,100,85,2026-03-05T08:40:43
U00460,C0053,completed,100,75,2026-05-07T03:40:43
U00461,C0189,completed,100,66,2026-06-30T01:40:43
U00463,C0074,completed,100,40,2026-06-14T06:40:43
U00463,C0069,started,79,,2026-04-12T05:40:43
U00463,C0063,started,19,,2026-05-06T00:40:43
U00465,C0005,completed,100,64,2026-02-09T17:40:43
U00465,C0068,completed,100,55,2026-01-30T17:40:43
U00465,C0093,started,43,,2026-03-27T09:40:43
U00465,C0148,dropped,21,,2026-05-01T23:40:43
U00465,C0165,dropped,67,,2026-04-07T18:40:43
U00465,C0087,started,15,,2026-05-26T03:40:43
U00468,C0020,completed,100,100,2026-04-25T09:40:43
U00468,C0054,completed,100,47,2026-03-29T17:40:43
U00468,C0074,completed,100,72,2026-04-19T22:40:43
U00468,C0025,completed,100,91,2026-04-13T21:40:43
U00468,C0031,completed,100,44,2026-07-16T05:40:43
U00468,C0028,completed,100,64,2026-05-13T01:40:43
U00468,C0021,completed,100,82,2026-03-22T16:40:43
U00468,C0018,completed,100,57,2026-07-15T04:40:43
U00468,C0031,started,89,,2026-02-10T17:40:43
U00468,C0143,started,39,,2026-05-18T16:40:43
U00468,C0024,completed,100,79,2026-05-09T09:40:43
U00468,C0029,dropped,14,,2026-07-19T23:40:43
U00468,C0022,completed,100,91,2026-03-28T00:40:43
U00471,C0061,started,14,,2026-07-01T11:40:43
U00472,C0187,started,22,,2026-06-09T01:40:43
U00472,C0178,completed,100,58,2026-07-16T10:40:43
U00472,C0186,dropped,56,,2026-03-24T16:40:43
U00472,C0189,completed,100,80,2026-02-21T19:40:43
U00472,C0185,completed,100,69,2026-07-17T15:40:43
U00472,C0180,started,16,,2026-03-26T21:40:43
U00472,C0179,completed,100,100,2026-05-25T15:40:43
U00472,C0186,completed,100,91,2026-05-31T10:40:43
U00472,C0180,started,19,,2026-03-30T08:40:43
U00472,C0190,dropped,9,,2026-05-10T16:40:43
U00472,C0179,started,47,,2026-06-29T00:40:43
U00472,C0190,completed,100,54,2026-05-23T04:40:43
U00472,C0138,completed,100,86,2026-04-07T13:40:43
U00472,C0086,started,23,,2026-03-20T14:40:43
U00478,C0022,completed,100,65,2026-04-23T05:40:43
U00478,C0180,dropped,66,,2026-02-05T21:40:43
U00478,C0031,started,82,,2026-05-04T22:40:43
U00478,C0041,completed,100,85,2026-06-13T05:40:43
U00478,C0140,dropped,53,,2026-04-27T14:40:43
U00480,C0111,completed,100,56,2026-01-23T09:40:43
U00480,C0057,completed,100,90,2026-06-19T20:40:43
U00480,C0111,dropped,60,,2026-07-20T00:40:43
U00480,C0116,completed,100,54,2026-04-30T21:40:43
U00481,C0029,started,13,,2026-04-11T13:40:43
U00482,C0089,completed,100,65,2026-05-28T17:40:43
U00482,C0175,started,47,,2026-02-01T15:40:43
U00482,C0096,started,39,,2026-02-17T13:40:43
U00482,C0165,completed,100,93,2026-06-25T12:40:43
U00482,C0173,completed,100,87,2026-02-22T07:40:43
U00482,C0165,completed,100,94,2026-02-05T10:40:43
U00482,C0166,completed,100,43,2026-07-20T10:40:43
U00482,C0018,started,51,,2026-04-04T09:40:43
U00482,C0175,started,43,,2026-05-17T12:40:43
U00482,C0131,started,21,,2026-05-23T11:40:43
U00482,C0165,completed,100,52,2026-03-08T02:40:43
U00482,C0098,completed,100,83,2026-02-27T23:40:43
U00482,C0167,completed,100,53,2026-07-03T10:40:43
U00486,C0062,dropped,51,,2026-04-30T12:40:43
U00486,C0069,started,19,,2026-03-07T18:40:43
U00486,C0069,started,37,,2026-06-30T19:40:43
U00486,C0106,started,59,,2026-07-04T15:40:43
U00487,C0039,completed,100,88,2026-06-21T13:40:43
U00487,C0152,completed,100,52,2026-04-30T15:40:43
U00488,C0111,completed,100,40,2026-05-20T07:40:43
U00490,C0184,completed,100,61,2026-06-15T18:40:43
U00492,C0022,completed,100,78,2026-05-20T21:40:43
U00492,C0139,dropped,26,,2026-06-04T01:40:43
U00492,C0142,completed,100,56,2026-05-04T14:40:43
U00492,C0136,dropped,59,,2026-01-21T12:40:43
U00492,C0132,dropped,19,,2026-07-02T02:40:43
U00492,C0056,started,42,,2026-07-14T16:40:43
U00492,C0011,completed,100,70,2026-06-30T01:40:43
U00492,C0140,completed,100,82,2026-01-25T10:40:43
U00492,C0102,completed,100,73,2026-03-20T16:40:43
U00492,C0140,completed,100,84,2026-06-13T11:40:43
U00492,C0077,dropped,64,,2026-06-08T08:40:43
U00493,C0049,started,34,,2026-04-29T19:40:43
U00493,C0049,started,50,,2026-04-23T14:40:43
U00493,C0160,completed,100,54,2026-03-26T17:40:43
U00493,C0060,dropped,45,,2026-04-24T09:40:43
U00494,C0063,started,20,,2026-07-03T09:40:43
U00494,C0055,dropped,63,,2026-07-18T05:40:43
U00495,C0044,completed,100,81,2026-03-24T22:40:43
U00495,C0038,completed,100,75,2026-05-07T12:40:43
U00495,C0055,started,11,,2026-03-04T10:40:43
U00495,C0040,started,75,,2026-01-23T07:40:43
U00495,C0038,completed,100,80,2026-02-28T07:40:43
U00495,C0040,dropped,26,,2026-06-23T10:40:43
U00495,C0167,started,66,,2026-05-23T13:40:43
U00495,C0044,completed,100,58,2026-03-04T00:40:43
U00495,C0033,completed,100,40,2026-07-04T16:40:43
U00495,C0033,completed,100,48,2026-03-03T20:40:43
U00495,C0035,completed,100,85,2026-06-09T20:40:43
U00496,C0061,completed,100,50,2026-02-11T12:40:43
U00496,C0091,started,12,,2026-07-17T00:40:43
U00496,C0004,completed,100,84,2026-03-06T03:40:43
U00496,C0046,dropped,31,,2026-01-26T10:40:43
U00498,C0040,completed,100,49,2026-02-03T19:40:43
U00498,C0039,completed,100,83,2026-06-14T15:40:43
U00498,C0047,completed,100,53,2026-02-24T08:40:43
U00498,C0149,dropped,8,,2026-02-16T08:40:43
U00499,C0062,dropped,59,,2026-02-14T23:40:43
U00499,C0122,started,36,,2026-07-21T03:40:43
U00499,C0057,started,12,,2026-04-13T08:40:43
U00499,C0057,completed,100,40,2026-07-13T14:40:43
U00499,C0058,completed,100,61,2026-03-02T11:40:43
U00499,C0052,completed,100,59,2026-06-14T17:40:43
U00499,C0182,completed,100,77,2026-06-18T02:40:43
U00499,C0060,started,12,,2026-02-03T16:40:43
U00499,C0110,started,34,,2026-06-20T01:40:43
U00499,C0187,completed,100,84,2026-05-19T13:40:43
U00499,C0050,completed,100,93,2026-03-03T05:40:43
U00500,C0010,started,44,,2026-07-06T13:40:43
U00500,C0080,dropped,27,,2026-04-24T12:40:43
U00500,C0060,started,23,,2026-06-29T08:40:43
U00500,C0043,completed,100,83,2026-04-01T06:40:43
U00500,C0006,completed,100,54,2026-06-29T21:40:43
U00500,C0001,dropped,7,,2026-05-17T00:40:43
U00500,C0129,completed,100,77,2026-03-23T08:40:43
U00500,C0099,completed,100,94,2026-05-03T07:40:43
U00500,C0008,completed,100,84,2026-04-27T13:40:43
U00500,C0172,completed,100,51,2026-07-10T01:40:43
U00500,C0094,completed,100,68,2026-03-16T16:40:43
U00500,C0020,completed,100,90,2026-03-28T17:40:43
U00500,C0049,completed,100,88,2026-04-27T21:40:43
U00500,C0005,completed,100,56,2026-04-28T14:40:43
U00500,C0013,started,82,,2026-04-20T19:40:43
U00501,C0028,completed,100,50,2026-06-05T08:40:43
U00502,C0045,started,75,,2026-06-01T03:40:43
U00502,C0035,started,74,,2026-02-08T17:40:43
U00502,C0152,started,73,,2026-05-10T23:40:43
U00502,C0180,completed,100,86,2026-02-24T16:40:43
U00502,C0117,completed,100,80,2026-04-27T13:40:43
U00502,C0034,dropped,33,,2026-05-27T19:40:43
U00502,C0188,dropped,23,,2026-03-12T00:40:43
U00502,C0141,completed,100,46,2026-03-04T03:40:43
U00503,C0024,started,82,,2026-07-18T15:40:43
U00503,C0024,completed,100,58,2026-02-13T17:40:43
U00503,C0186,completed,100,60,2026-03-24T14:40:43
U00503,C0169,dropped,44,,2026-05-12T08:40:43
U00503,C0015,completed,100,97,2026-06-07T12:40:43
U00503,C0029,completed,100,99,2026-04-25T02:40:43
U00503,C0079,dropped,18,,2026-01-25T23:40:43
U00503,C0025,started,84,,2026-02-04T19:40:43
U00503,C0027,dropped,11,,2026-03-24T16:40:43
U00503,C0158,completed,100,94,2026-05-01T21:40:43
U00503,C0024,dropped,68,,2026-04-27T22:40:43
U00503,C0131,completed,100,73,2026-05-03T05:40:43
U00503,C0162,completed,100,84,2026-05-29T10:40:43
U00503,C0164,dropped,64,,2026-03-23T23:40:43
U00505,C0081,completed,100,40,2026-03-17T19:40:43
U00505,C0189,completed,100,49,2026-06-03T05:40:43
U00505,C0139,started,40,,2026-06-02T22:40:43
U00505,C0187,started,80,,2026-04-26T14:40:43
U00505,C0182,started,27,,2026-01-27T23:40:43
U00505,C0182,completed,100,60,2026-01-24T14:40:43
U00505,C0026,completed,100,49,2026-05-14T16:40:43
U00505,C0053,dropped,36,,2026-05-13T20:40:43
U00505,C0186,completed,100,79,2026-04-28T10:40:43
U00505,C0188,completed,100,62,2026-01-24T21:40:43
U00505,C0005,started,62,,2026-06-21T20:40:43
U00505,C0183,completed,100,59,2026-05-15T00:40:43
U00505,C0192,completed,100,47,2026-06-11T08:40:43
U00505,C0184,dropped,16,,2026-02-09T07:40:43
U00505,C0177,dropped,46,,2026-07-13T21:40:43
U00506,C0037,dropped,35,,2026-02-03T13:40:43
U00506,C0093,started,63,,2026-02-28T13:40:43
U00506,C0177,dropped,52,,2026-04-18T01:40:43
U00506,C0091,started,62,,2026-05-27T13:40:43
U00506,C0177,completed,100,71,2026-03-05T16:40:43
U00506,C0071,started,27,,2026-03-18T22:40:43
U00507,C0098,started,62,,2026-07-12T11:40:43
U00507,C0104,completed,100,64,2026-02-02T07:40:43
U00507,C0097,started,33,,2026-06-13T10:40:43
U00507,C0108,dropped,7,,2026-04-10T08:40:43
U00507,C0098,completed,100,100,2026-03-25T11:40:43
U00507,C0027,completed,100,51,2026-07-12T10:40:43
U00507,C0103,started,88,,2026-07-12T21:40:43
U00507,C0112,dropped,19,,2026-04-15T06:40:43
U00508,C0168,completed,100,92,2026-05-22T17:40:43
U00508,C0022,completed,100,64,2026-02-04T16:40:43
U00508,C0177,dropped,33,,2026-07-14T20:40:43
U00508,C0182,dropped,10,,2026-07-06T18:40:43
U00508,C0181,completed,100,81,2026-03-24T21:40:43
U00508,C0047,completed,100,60,2026-05-08T16:40:43
U00508,C0192,completed,100,74,2026-03-30T06:40:43
U00508,C0034,completed,100,49,2026-06-10T13:40:43
U00508,C0177,dropped,26,,2026-04-04T17:40:43
U00508,C0186,started,63,,2026-04-18T19:40:43
U00508,C0181,completed,100,57,2026-03-17T22:40:43
U00508,C0190,dropped,7,,2026-02-05T22:40:43
U00508,C0079,started,90,,2026-05-17T01:40:43
U00510,C0169,completed,100,75,2026-03-06T03:40:43
U00510,C0161,dropped,39,,2026-04-06T01:40:43
U00510,C0175,completed,100,43,2026-04-01T09:40:43
U00510,C0175,dropped,24,,2026-03-04T02:40:43
U00512,C0085,dropped,14,,2026-02-06T23:40:43
U00512,C0095,started,53,,2026-05-31T20:40:43
U00514,C0093,completed,100,65,2026-03-04T19:40:43
U00514,C0087,started,61,,2026-04-16T02:40:43
U00514,C0156,completed,100,49,2026-03-23T17:40:43
U00514,C0084,dropped,38,,2026-06-16T18:40:43
U00515,C0169,started,61,,2026-07-17T09:40:43
U00515,C0099,dropped,38,,2026-03-01T11:40:43
U00516,C0032,started,75,,2026-01-26T23:40:43
U00517,C0018,completed,100,81,2026-06-24T12:40:43
U00518,C0010,started,64,,2026-03-02T17:40:43
U00518,C0047,completed,100,68,2026-01-23T07:40:43
U00518,C0078,started,16,,2026-04-29T09:40:43
U00518,C0033,started,70,,2026-07-08T08:40:43
U00518,C0044,started,32,,2026-07-18T00:40:43
U00518,C0044,completed,100,76,2026-03-22T06:40:43
U00518,C0168,completed,100,79,2026-06-07T10:40:43
U00518,C0038,completed,100,96,2026-03-23T00:40:43
U00518,C0160,started,68,,2026-01-29T13:40:43
U00518,C0088,dropped,59,,2026-04-29T16:40:43
U00518,C0122,started,31,,2026-04-24T07:40:43
U00518,C0041,completed,100,50,2026-07-07T02:40:43
U00521,C0130,dropped,51,,2026-06-28T05:40:43
U00521,C0136,dropped,59,,2026-04-10T12:40:43
U00522,C0180,completed,100,97,2026-04-16T11:40:43
U00522,C0091,completed,100,45,2026-03-26T02:40:43
U00522,C0178,completed,100,73,2026-05-05T16:40:43
U00522,C0131,started,85,,2026-02-15T10:40:43
U00523,C0093,started,15,,2026-01-30T00:40:43
U00523,C0041,completed,100,76,2026-02-12T17:40:43
U00524,C0060,completed,100,60,2026-06-13T21:40:43
U00524,C0020,dropped,16,,2026-01-25T10:40:43
U00525,C0051,dropped,37,,2026-04-06T14:40:43
U00525,C0059,completed,100,92,2026-06-09T09:40:43
U00525,C0062,started,36,,2026-07-07T14:40:43
U00525,C0055,completed,100,84,2026-03-07T11:40:43
U00525,C0005,started,63,,2026-05-15T07:40:43
U00525,C0064,completed,100,48,2026-07-19T01:40:43
U00525,C0070,dropped,66,,2026-03-03T08:40:43
U00525,C0035,dropped,41,,2026-03-22T14:40:43
U00525,C0057,completed,100,64,2026-07-20T02:40:43
U00525,C0056,dropped,18,,2026-03-19T12:40:43
U00525,C0057,completed,100,90,2026-06-05T09:40:43
U00525,C0051,completed,100,71,2026-04-25T18:40:43
U00525,C0057,completed,100,49,2026-02-12T06:40:43
U00526,C0143,completed,100,74,2026-03-08T21:40:43
U00526,C0090,started,75,,2026-05-15T21:40:43
U00526,C0024,started,24,,2026-02-15T07:40:43
U00526,C0151,completed,100,96,2026-07-20T13:40:43
U00527,C0031,completed,100,44,2026-01-23T17:40:43
U00527,C0029,dropped,8,,2026-06-23T07:40:43
U00527,C0138,completed,100,70,2026-02-17T04:40:43
U00527,C0028,completed,100,98,2026-07-04T00:40:43
U00528,C0005,completed,100,55,2026-07-05T21:40:43
U00528,C0014,completed,100,56,2026-03-11T11:40:43
U00528,C0052,completed,100,48,2026-01-22T07:40:43
U00528,C0010,started,16,,2026-05-27T21:40:43
U00529,C0176,started,62,,2026-02-08T15:40:43
U00529,C0122,completed,100,95,2026-04-21T22:40:43
U00529,C0115,completed,100,46,2026-06-17T15:40:43
U00529,C0113,completed,100,94,2026-06-03T18:40:43
U00529,C0130,dropped,58,,2026-07-02T01:40:43
U00529,C0076,completed,100,72,2026-04-27T19:40:43
U00529,C0120,completed,100,60,2026-05-07T09:40:43
U00530,C0118,completed,100,44,2026-06-07T14:40:43
U00531,C0034,dropped,45,,2026-02-14T03:40:43
U00531,C0042,started,74,,2026-06-10T13:40:43
U00531,C0079,dropped,47,,2026-06-12T10:40:43
U00531,C0040,dropped,26,,2026-02-13T18:40:43
U00532,C0118,started,30,,2026-07-17T05:40:43
U00532,C0110,dropped,21,,2026-03-29T12:40:43
U00532,C0125,started,79,,2026-01-22T14:40:43
U00532,C0048,started,69,,2026-04-16T11:40:43
U00533,C0080,completed,100,54,2026-05-13T21:40:43
U00533,C0177,completed,100,82,2026-03-06T04:40:43
U00533,C0076,dropped,52,,2026-03-21T04:40:43
U00533,C0078,started,26,,2026-03-27T20:40:43
U00533,C0002,started,37,,2026-04-25T19:40:43
U00533,C0080,started,26,,2026-03-25T04:40:43
U00533,C0165,started,54,,2026-03-29T11:40:43
U00534,C0005,completed,100,61,2026-05-07T22:40:43
U00534,C0040,dropped,62,,2026-03-25T15:40:43
U00537,C0158,completed,100,95,2026-05-08T23:40:43
U00538,C0109,dropped,48,,2026-04-14T16:40:43
U00538,C0105,completed,100,99,2026-05-14T12:40:43
U00538,C0120,started,32,,2026-02-12T09:40:43
U00538,C0042,completed,100,61,2026-04-21T18:40:43
U00538,C0111,started,64,,2026-06-10T04:40:43
U00538,C0075,completed,100,77,2026-01-29T03:40:43
U00538,C0105,started,62,,2026-07-14T15:40:43
U00538,C0107,started,20,,2026-06-18T13:40:43
U00538,C0104,completed,100,41,2026-01-25T08:40:43
U00538,C0112,started,58,,2026-06-14T18:40:43
U00538,C0108,completed,100,79,2026-07-08T01:40:43
U00538,C0131,started,12,,2026-06-22T00:40:43
U00539,C0023,completed,100,69,2026-07-16T07:40:43
U00539,C0128,started,68,,2026-07-03T01:40:43
U00539,C0094,completed,100,63,2026-03-24T13:40:43
U00539,C0170,completed,100,71,2026-04-24T17:40:43
U00539,C0028,dropped,8,,2026-04-25T01:40:43
U00539,C0061,started,90,,2026-06-29T21:40:43
U00539,C0028,dropped,41,,2026-07-01T18:40:43
U00539,C0028,dropped,45,,2026-06-17T12:40:43
U00540,C0050,dropped,69,,2026-06-10T09:40:43
U00540,C0059,started,18,,2026-02-14T15:40:43
U00540,C0026,dropped,52,,2026-03-18T02:40:43
U00540,C0085,started,36,,2026-07-10T14:40:43
U00540,C0061,completed,100,96,2026-05-14T21:40:43
U00540,C0053,completed,100,43,2026-06-02T12:40:43
U00540,C0056,started,21,,2026-06-07T12:40:43
U00540,C0065,completed,100,51,2026-02-22T05:40:43
U00540,C0104,started,12,,2026-02-24T03:40:43
U00540,C0051,dropped,9,,2026-04-19T13:40:43
U00541,C0107,completed,100,43,2026-07-15T02:40:43
U00541,C0121,started,40,,2026-06-12T01:40:43
U00541,C0097,started,86,,2026-06-29T08:40:43
U00541,C0106,completed,100,86,2026-05-23T03:40:43
U00541,C0188,completed,100,52,2026-05-27T16:40:43
U00541,C0158,completed,100,97,2026-03-24T22:40:43
U00541,C0099,started,40,,2026-05-08T07:40:43
U00547,C0104,started,47,,2026-02-20T02:40:43
U00547,C0102,completed,100,100,2026-02-17T10:40:43
U00548,C0014,completed,100,63,2026-06-11T05:40:43
U00550,C0083,completed,100,52,2026-04-29T23:40:43
U00551,C0069,started,65,,2026-02-10T23:40:43
U00551,C0074,dropped,13,,2026-03-20T09:40:43
U00551,C0071,completed,100,97,2026-02-27T09:40:43
U00551,C0144,started,51,,2026-07-14T08:40:43
U00551,C0071,completed,100,41,2026-05-19T03:40:43
U00551,C0076,completed,100,71,2026-07-02T03:40:43
U00551,C0125,completed,100,92,2026-03-16T21:40:43
U00551,C0069,completed,100,95,2026-02-03T21:40:43
U00554,C0177,dropped,68,,2026-02-06T19:40:43
U00554,C0018,completed,100,96,2026-01-25T21:40:43
U00555,C0157,dropped,31,,2026-07-05T22:40:43
U00555,C0063,started,54,,2026-02-18T16:40:43
U00555,C0061,completed,100,78,2026-05-19T13:40:43
U00555,C0056,started,69,,2026-07-06T11:40:43
U00555,C0059,completed,100,40,2026-07-14T17:40:43
U00556,C0002,completed,100,52,2026-05-19T06:40:43
U00560,C0122,started,79,,2026-01-24T19:40:43
U00560,C0070,started,52,,2026-02-17T12:40:43
U00560,C0080,started,77,,2026-04-28T18:40:43
U00560,C0044,completed,100,61,2026-05-12T00:40:43
U00560,C0068,started,24,,2026-02-23T22:40:43
U00560,C0058,completed,100,50,2026-05-21T22:40:43
U00560,C0071,completed,100,71,2026-05-31T23:40:43
U00560,C0167,started,40,,2026-03-07T11:40:43
U00560,C0072,completed,100,68,2026-04-18T19:40:43
U00560,C0078,dropped,40,,2026-03-10T22:40:43
U00561,C0168,completed,100,45,2026-06-18T10:40:43
U00561,C0164,completed,100,62,2026-06-07T17:40:43
U00561,C0173,started,43,,2026-04-20T19:40:43
U00561,C0164,started,44,,2026-05-18T09:40:43
U00561,C0166,completed,100,85,2026-05-02T13:40:43
U00561,C0173,dropped,14,,2026-04-05T18:40:43
U00561,C0164,completed,100,98,2026-07-14T05:40:43
U00561,C0019,completed,100,50,2026-04-09T12:40:43
U00561,C0091,completed,100,80,2026-05-12T23:40:43
U00562,C0125,completed,100,55,2026-04-14T19:40:43
U00562,C0064,completed,100,57,2026-07-15T05:40:43
U00562,C0121,completed,100,60,2026-05-11T01:40:43
U00562,C0094,completed,100,41,2026-07-19T04:40:43
U00562,C0019,completed,100,66,2026-02-07T07:40:43
U00562,C0117,dropped,53,,2026-02-20T20:40:43
U00562,C0165,completed,100,81,2026-03-29T12:40:43
U00562,C0061,completed,100,54,2026-03-07T00:40:43
U00562,C0011,dropped,62,,2026-07-15T17:40:43
U00565,C0108,started,24,,2026-07-04T05:40:43
U00565,C0105,dropped,7,,2026-05-21T03:40:43
U00565,C0169,completed,100,52,2026-03-21T21:40:43
U00565,C0110,started,72,,2026-02-25T01:40:43
U00565,C0155,dropped,20,,2026-05-04T06:40:43
U00565,C0108,started,88,,2026-04-12T22:40:43
U00565,C0106,started,20,,2026-01-23T20:40:43
U00565,C0188,dropped,21,,2026-03-22T01:40:43
U00565,C0097,dropped,19,,2026-04-05T12:40:43
U00565,C0179,completed,100,68,2026-05-30T03:40:43
U00565,C0106,completed,100,60,2026-02-22T06:40:43
U00565,C0100,dropped,32,,2026-03-02T04:40:43
U00565,C0105,dropped,70,,2026-02-15T20:40:43
U00565,C0162,started,66,,2026-07-17T21:40:43
U00566,C0058,completed,100,61,2026-03-28T23:40:43
U00567,C0169,dropped,43,,2026-02-28T02:40:43
U00567,C0170,started,41,,2026-05-01T13:40:43
U00567,C0165,completed,100,96,2026-03-05T05:40:43
U00567,C0118,completed,100,91,2026-03-22T13:40:43
U00567,C0173,completed,100,76,2026-03-01T08:40:43
U00567,C0005,completed,100,60,2026-04-16T03:40:43
U00567,C0192,started,20,,2026-04-24T19:40:43
U00567,C0163,dropped,64,,2026-07-11T14:40:43
U00568,C0033,completed,100,76,2026-06-21T08:40:43
U00568,C0019,completed,100,65,2026-05-17T03:40:43
U00568,C0035,dropped,69,,2026-05-21T10:40:43
U00568,C0124,dropped,27,,2026-05-04T20:40:43
U00568,C0043,dropped,28,,2026-05-20T20:40:43
U00568,C0176,dropped,68,,2026-03-26T11:40:43
U00568,C0036,completed,100,61,2026-05-20T06:40:43
U00568,C0036,started,81,,2026-07-13T18:40:43
U00568,C0045,completed,100,77,2026-07-05T16:40:43
U00568,C0045,completed,100,41,2026-06-13T18:40:43
U00568,C0039,completed,100,53,2026-02-24T15:40:43
U00568,C0115,completed,100,65,2026-01-30T19:40:43
U00568,C0036,completed,100,40,2026-07-18T05:40:43
U00568,C0192,started,85,,2026-07-15T21:40:43
U00571,C0062,dropped,60,,2026-02-23T04:40:43
U00573,C0136,started,44,,2026-02-19T07:40:43
U00574,C0122,completed,100,95,2026-04-07T14:40:43
U00574,C0126,completed,100,94,2026-03-22T02:40:43
U00574,C0075,completed,100,68,2026-06-16T22:40:43
U00574,C0124,completed,100,45,2026-02-17T19:40:43
U00577,C0172,started,15,,2026-06-02T02:40:43
U00577,C0165,completed,100,43,2026-06-03T22:40:43
U00577,C0104,started,26,,2026-04-12T14:40:43
U00577,C0076,started,57,,2026-03-30T04:40:43
U00577,C0162,dropped,64,,2026-05-16T10:40:43
U00577,C0059,started,75,,2026-04-25T07:40:43
U00577,C0079,completed,100,70,2026-04-18T08:40:43
U00577,C0167,completed,100,80,2026-02-23T17:40:43
U00577,C0012,dropped,31,,2026-04-09T12:40:43
U00578,C0055,started,65,,2026-05-23T05:40:43
U00578,C0037,completed,100,62,2026-01-23T23:40:43
U00578,C0072,completed,100,97,2026-05-25T20:40:43
U00578,C0043,completed,100,53,2026-06-25T10:40:43
U00578,C0072,completed,100,92,2026-01-23T13:40:43
U00578,C0010,started,36,,2026-05-18T10:40:43
U00578,C0079,started,35,,2026-06-03T04:40:43
U00578,C0052,completed,100,74,2026-03-12T05:40:43
U00578,C0076,completed,100,89,2026-06-30T07:40:43
U00578,C0080,dropped,6,,2026-05-13T21:40:43
U00578,C0068,completed,100,91,2026-02-06T15:40:43
U00579,C0190,completed,100,64,2026-03-05T11:40:43
U00580,C0076,dropped,50,,2026-05-04T02:40:43
U00580,C0181,started,72,,2026-01-31T13:40:43
U00580,C0168,completed,100,82,2026-06-10T22:40:43
U00580,C0171,started,28,,2026-02-09T21:40:43
U00580,C0174,completed,100,63,2026-02-14T05:40:43
U00580,C0165,completed,100,75,2026-05-27T15:40:43
U00580,C0008,completed,100,79,2026-02-15T21:40:43
U00580,C0167,completed,100,45,2026-01-25T00:40:43
U00580,C0166,started,75,,2026-04-16T17:40:43
U00580,C0108,completed,100,89,2026-06-30T14:40:43
U00580,C0005,completed,100,65,2026-03-31T22:40:43
U00580,C0189,completed,100,89,2026-07-11T23:40:43
U00580,C0058,completed,100,70,2026-06-28T02:40:43
U00580,C0158,started,81,,2026-02-22T00:40:43
U00580,C0017,started,52,,2026-06-04T02:40:43
U00582,C0123,completed,100,88,2026-04-10T04:40:43
U00582,C0122,started,63,,2026-05-23T16:40:43
U00583,C0065,started,82,,2026-04-23T01:40:43
U00583,C0078,completed,100,89,2026-02-01T15:40:43
U00583,C0163,completed,100,72,2026-03-18T05:40:43
U00586,C0191,dropped,53,,2026-01-30T23:40:43
U00586,C0118,completed,100,64,2026-02-02T21:40:43
U00586,C0118,started,36,,2026-05-09T19:40:43
U00586,C0119,completed,100,44,2026-04-02T14:40:43
U00586,C0116,completed,100,42,2026-02-17T11:40:43
U00587,C0129,completed,100,53,2026-06-11T22:40:43
U00587,C0143,completed,100,75,2026-02-24T15:40:43
U00587,C0176,completed,100,79,2026-04-19T15:40:43
U00587,C0032,dropped,12,,2026-02-13T14:40:43
U00591,C0132,started,54,,2026-03-18T04:40:43
U00591,C0110,dropped,43,,2026-05-16T20:40:43
U00591,C0184,completed,100,89,2026-03-03T10:40:43
U00592,C0113,completed,100,64,2026-04-01T00:40:43
U00592,C0023,completed,100,91,2026-05-04T12:40:43
U00592,C0115,completed,100,99,2026-03-04T19:40:43
U00592,C0127,started,43,,2026-04-22T10:40:43
U00592,C0107,completed,100,72,2026-07-10T23:40:43
U00592,C0123,started,40,,2026-07-09T19:40:43
U00592,C0173,started,87,,2026-02-08T06:40:43
U00592,C0120,started,39,,2026-04-21T03:40:43
U00592,C0123,started,24,,2026-06-04T08:40:43
U00592,C0098,dropped,69,,2026-03-28T09:40:43
U00594,C0170,completed,100,58,2026-04-14T22:40:43
U00594,C0170,completed,100,43,2026-05-27T20:40:43
U00595,C0110,completed,100,77,2026-06-19T14:40:43
U00595,C0030,started,32,,2026-06-22T01:40:43
U00595,C0104,completed,100,92,2026-01-27T23:40:43
U00595,C0094,completed,100,85,2026-01-23T09:40:43
U00596,C0186,started,76,,2026-02-17T04:40:43
U00598,C0173,started,38,,2026-03-12T01:40:43
U00598,C0177,completed,100,41,2026-06-08T17:40:43
U00598,C0192,started,76,,2026-07-19T08:40:43
U00598,C0003,started,47,,2026-04-21T21:40:43
U00600,C0013,completed,100,81,2026-06-27T16:40:43
U00600,C0004,started,61,,2026-02-10T12:40:43
U00600,C0012,completed,100,76,2026-06-26T14:40:43
U00601,C0110,completed,100,45,2026-03-14T22:40:43
U00601,C0115,completed,100,74,2026-07-18T15:40:43
U00601,C0101,completed,100,53,2026-06-09T18:40:43
U00601,C0081,completed,100,98,2026-01-23T08:40:43
U00601,C0021,dropped,33,,2026-05-29T07:40:43
U00601,C0103,started,55,,2026-06-10T07:40:43
U00601,C0105,started,16,,2026-05-27T20:40:43
U00601,C0032,completed,100,73,2026-03-01T00:40:43
U00601,C0111,started,10,,2026-04-12T23:40:43
U00601,C0102,dropped,21,,2026-07-12T15:40:43
U00601,C0098,dropped,52,,2026-07-02T22:40:43
U00601,C0099,started,25,,2026-03-01T22:40:43
U00601,C0099,completed,100,97,2026-06-19T14:40:43
U00601,C0168,dropped,33,,2026-06-01T10:40:43
U00603,C0005,started,29,,2026-05-26T08:40:43
U00603,C0171,completed,100,75,2026-02-02T13:40:43
U00603,C0004,dropped,54,,2026-02-09T08:40:43
U00603,C0013,dropped,11,,2026-05-09T00:40:43
U00607,C0004,completed,100,57,2026-06-24T13:40:43
U00607,C0009,started,62,,2026-07-10T18:40:43
U00607,C0192,dropped,37,,2026-07-11T18:40:43
U00607,C0078,completed,100,56,2026-05-10T17:40:43
U00607,C0013,started,52,,2026-03-15T10:40:43
U00607,C0165,completed,100,69,2026-05-15T01:40:43
U00607,C0168,completed,100,80,2026-03-04T00:40:43
U00607,C0162,completed,100,49,2026-02-16T03:40:43
U00610,C0076,completed,100,95,2026-02-04T21:40:43
U00611,C0151,completed,100,80,2026-03-07T02:40:43
U00611,C0157,completed,100,96,2026-02-18T00:40:43
U00611,C0148,completed,100,94,2026-05-08T20:40:43
U00611,C0157,started,47,,2026-01-29T13:40:43
U00611,C0155,completed,100,40,2026-06-16T14:40:43
U00611,C0159,dropped,15,,2026-06-20T23:40:43
U00611,C0157,completed,100,89,2026-06-03T02:40:43
U00612,C0141,dropped,57,,2026-03-19T15:40:43
U00612,C0141,completed,100,50,2026-03-15T12:40:43
U00613,C0019,dropped,68,,2026-06-18T05:40:43
U00613,C0021,completed,100,57,2026-06-06T05:40:43
U00613,C0027,dropped,54,,2026-07-13T11:40:43
U00614,C0031,started,56,,2026-07-07T01:40:43
U00614,C0012,dropped,34,,2026-04-28T05:40:43
U00614,C0052,completed,100,63,2026-04-07T11:40:43
U00615,C0069,started,26,,2026-06-20T11:40:43
U00615,C0041,dropped,33,,2026-06-24T03:40:43
U00616,C0065,dropped,67,,2026-03-12T04:40:43
U00616,C0055,completed,100,80,2026-03-23T20:40:43
U00616,C0053,completed,100,59,2026-07-10T07:40:43
U00616,C0052,completed,100,73,2026-06-14T04:40:43
U00616,C0064,completed,100,76,2026-01-27T12:40:43
U00616,C0052,completed,100,42,2026-01-27T17:40:43
U00616,C0058,started,62,,2026-04-23T21:40:43
U00616,C0062,dropped,47,,2026-04-19T19:40:43
U00616,C0058,completed,100,95,2026-04-24T07:40:43
U00616,C0058,completed,100,100,2026-03-07T07:40:43
U00616,C0064,dropped,24,,2026-05-02T02:40:43
U00616,C0054,started,51,,2026-05-31T01:40:43
U00616,C0063,dropped,28,,2026-03-02T11:40:43
U00616,C0056,started,56,,2026-05-23T18:40:43
U00616,C0048,started,43,,2026-03-30T23:40:43
U00617,C0178,completed,100,74,2026-03-03T20:40:43
U00617,C0015,started,26,,2026-07-06T15:40:43
U00617,C0007,started,37,,2026-04-12T18:40:43
U00617,C0007,started,27,,2026-04-11T07:40:43
U00619,C0179,started,43,,2026-05-26T11:40:43
U00619,C0017,dropped,15,,2026-05-11T02:40:43
U00619,C0173,dropped,50,,2026-03-25T02:40:43
U00619,C0167,started,86,,2026-02-14T20:40:43
U00622,C0024,dropped,62,,2026-06-08T16:40:43
U00622,C0031,started,13,,2026-07-09T12:40:43
U00622,C0026,started,48,,2026-02-17T16:40:43
U00622,C0028,dropped,57,,2026-02-11T09:40:43
U00622,C0131,dropped,65,,2026-03-11T23:40:43
U00622,C0021,started,83,,2026-02-20T07:40:43
U00622,C0025,started,65,,2026-05-25T19:40:43
U00622,C0026,completed,100,42,2026-05-29T05:40:43
U00626,C0127,started,67,,2026-05-29T14:40:43
U00626,C0122,completed,100,96,2026-03-09T05:40:43
U00626,C0143,completed,100,70,2026-03-16T03:40:43
U00629,C0093,started,67,,2026-04-15T13:40:43
U00629,C0101,started,33,,2026-01-26T15:40:43
U00629,C0100,completed,100,99,2026-05-27T19:40:43
U00629,C0102,completed,100,90,2026-05-15T21:40:43
U00632,C0017,dropped,51,,2026-02-06T17:40:43
U00632,C0102,completed,100,42,2026-04-09T23:40:43
U00632,C0098,dropped,50,,2026-05-23T08:40:43
U00632,C0025,completed,100,56,2026-05-30T01:40:43
U00632,C0025,completed,100,75,2026-06-28T08:40:43
U00632,C0170,dropped,60,,2026-04-23T08:40:43
U00632,C0025,started,13,,2026-04-12T12:40:43
U00632,C0019,completed,100,85,2026-07-17T02:40:43
U00632,C0024,completed,100,56,2026-02-10T19:40:43
U00632,C0030,completed,100,77,2026-04-23T00:40:43
U00632,C0140,completed,100,56,2026-06-09T09:40:43
U00632,C0119,dropped,31,,2026-04-08T05:40:43
U00632,C0107,completed,100,51,2026-03-17T23:40:43
U00632,C0032,completed,100,63,2026-02-26T05:40:43
U00633,C0074,started,42,,2026-02-19T09:40:43
U00633,C0072,completed,100,75,2026-07-14T18:40:43
U00633,C0070,completed,100,71,2026-06-18T05:40:43
U00633,C0065,completed,100,71,2026-04-09T08:40:43
U00634,C0163,started,88,,2026-06-24T01:40:43
U00635,C0102,completed,100,66,2026-05-17T20:40:43
U00636,C0161,started,77,,2026-04-12T08:40:43
U00637,C0079,completed,100,41,2026-05-02T15:40:43
U00637,C0163,completed,100,97,2026-03-20T04:40:43
U00637,C0001,completed,100,79,2026-02-24T23:40:43
U00637,C0008,completed,100,51,2026-07-11T17:40:43
U00637,C0018,dropped,29,,2026-03-26T06:40:43
U00637,C0008,completed,100,43,2026-04-18T19:40:43
U00637,C0159,dropped,39,,2026-04-19T16:40:43
U00637,C0028,completed,100,83,2026-03-29T16:40:43
U00637,C0016,completed,100,47,2026-06-21T14:40:43
U00637,C0004,dropped,64,,2026-01-28T20:40:43
U00637,C0006,completed,100,94,2026-04-07T11:40:43
U00638,C0123,completed,100,75,2026-01-25T18:40:43
U00638,C0174,completed,100,42,2026-03-09T01:40:43
U00638,C0119,dropped,69,,2026-04-15T20:40:43
U00638,C0154,dropped,29,,2026-04-07T03:40:43
U00638,C0128,started,58,,2026-05-31T07:40:43
U00638,C0128,completed,100,96,2026-04-22T16:40:43
U00638,C0121,completed,100,73,2026-03-29T15:40:43
U00638,C0105,dropped,38,,2026-03-29T12:40:43
U00638,C0124,dropped,35,,2026-05-11T21:40:43
U00638,C0082,completed,100,48,2026-05-18T11:40:43
U00638,C0063,completed,100,78,2026-02-06T11:40:43
U00638,C0121,completed,100,87,2026-03-08T16:40:43
U00638,C0120,completed,100,56,2026-04-27T11:40:43
U00638,C0124,started,14,,2026-03-19T19:40:43
U00642,C0151,started,87,,2026-06-21T04:40:43
U00642,C0029,completed,100,87,2026-03-09T10:40:43
U00642,C0065,completed,100,69,2026-05-29T10:40:43
U00642,C0067,completed,100,86,2026-04-14T05:40:43
U00642,C0025,dropped,45,,2026-06-25T10:40:43
U00642,C0046,completed,100,54,2026-03-06T21:40:43
U00642,C0103,started,47,,2026-04-10T21:40:43
U00642,C0030,started,60,,2026-04-01T12:40:43
U00642,C0023,dropped,22,,2026-03-19T05:40:43
U00642,C0160,started,52,,2026-02-19T07:40:43
U00643,C0019,started,21,,2026-07-16T06:40:43
U00643,C0098,completed,100,74,2026-06-22T14:40:43
U00643,C0084,completed,100,73,2026-05-14T17:40:43
U00643,C0128,started,35,,2026-05-22T11:40:43
U00643,C0025,started,51,,2026-03-28T15:40:43
U00643,C0032,completed,100,53,2026-04-25T11:40:43
U00643,C0086,completed,100,51,2026-03-24T11:40:43
U00643,C0144,completed,100,88,2026-03-23T10:40:43
U00643,C0020,dropped,28,,2026-05-20T12:40:43
U00643,C0020,dropped,19,,2026-06-19T05:40:43
U00643,C0025,completed,100,81,2026-02-20T19:40:43
U00643,C0164,completed,100,53,2026-05-18T20:40:43
U00643,C0031,started,74,,2026-07-18T20:40:43
U00643,C0018,completed,100,88,2026-04-08T15:40:43
U00644,C0066,completed,100,69,2026-03-08T05:40:43
U00645,C0121,completed,100,52,2026-07-19T04:40:43
U00645,C0140,completed,100,67,2026-04-27T14:40:43
U00645,C0129,dropped,38,,2026-02-13T07:40:43
U00645,C0130,completed,100,52,2026-06-20T21:40:43
U00645,C0136,completed,100,90,2026-04-13T03:40:43
U00645,C0131,completed,100,87,2026-03-11T01:40:43
U00645,C0137,dropped,39,,2026-07-10T18:40:43
U00645,C0139,dropped,32,,2026-07-15T05:40:43
U00645,C0162,completed,100,96,2026-04-16T22:40:43
U00645,C0139,started,89,,2026-02-12T10:40:43
U00645,C0140,started,14,,2026-06-17T16:40:43
U00645,C0173,completed,100,54,2026-07-15T16:40:43
U00645,C0040,completed,100,65,2026-04-22T03:40:43
U00645,C0049,completed,100,81,2026-02-20T08:40:43
U00645,C0066,dropped,64,,2026-05-29T06:40:43
U00648,C0019,completed,100,98,2026-04-29T11:40:43
U00648,C0021,started,78,,2026-06-15T13:40:43
U00648,C0029,dropped,21,,2026-07-07T02:40:43
U00648,C0020,completed,100,42,2026-02-26T04:40:43
U00648,C0012,started,46,,2026-03-29T05:40:43
U00648,C0095,completed,100,71,2026-02-17T21:40:43
U00648,C0149,started,52,,2026-02-07T14:40:43
U00648,C0020,completed,100,45,2026-03-06T06:40:43
U00648,C0023,completed,100,95,2026-06-15T22:40:43
U00648,C0044,dropped,17,,2026-03-14T01:40:43
U00648,C0028,completed,100,69,2026-01-26T22:40:43
U00648,C0131,completed,100,61,2026-02-20T10:40:43
U00648,C0020,completed,100,86,2026-02-13T01:40:43
U00648,C0079,completed,100,83,2026-04-26T11:40:43
U00649,C0090,completed,100,47,2026-04-28T12:40:43
U00649,C0085,completed,100,58,2026-04-07T13:40:43
U00649,C0088,dropped,8,,2026-03-29T22:40:43
U00649,C0092,completed,100,62,2026-02-17T13:40:43
U00649,C0060,dropped,70,,2026-03-13T09:40:43
U00649,C0133,completed,100,68,2026-03-31T01:40:43
U00649,C0095,completed,100,99,2026-03-17T03:40:43
U00649,C0086,completed,100,96,2026-06-21T07:40:43
U00649,C0095,started,46,,2026-02-21T04:40:43
U00650,C0016,started,46,,2026-04-28T00:40:43
U00650,C0186,completed,100,59,2026-02-25T13:40:43
U00650,C0121,dropped,18,,2026-03-31T22:40:43
U00650,C0187,completed,100,82,2026-03-18T08:40:43
U00652,C0145,dropped,62,,2026-04-01T21:40:43
U00652,C0145,completed,100,47,2026-06-12T07:40:43
U00653,C0055,dropped,41,,2026-04-18T08:40:43
U00653,C0057,started,16,,2026-07-07T01:40:43
U00653,C0060,completed,100,55,2026-05-08T00:40:43
U00653,C0059,dropped,51,,2026-04-01T06:40:43
U00654,C0167,started,71,,2026-01-22T22:40:43
U00654,C0098,completed,100,90,2026-02-15T00:40:43
U00654,C0067,started,63,,2026-07-08T02:40:43
U00654,C0112,started,52,,2026-01-27T20:40:43
U00654,C0102,started,84,,2026-03-26T17:40:43
U00654,C0109,completed,100,96,2026-07-09T16:40:43
U00654,C0051,completed,100,66,2026-07-11T19:40:43
U00654,C0108,completed,100,41,2026-06-29T10:40:43
U00654,C0103,completed,100,45,2026-06-24T00:40:43
U00654,C0034,started,46,,2026-07-09T10:40:43
U00654,C0056,completed,100,100,2026-02-24T22:40:43
U00656,C0168,completed,100,80,2026-03-28T19:40:43
U00656,C0131,completed,100,79,2026-05-27T19:40:43
U00658,C0190,completed,100,67,2026-04-09T04:40:43
U00658,C0069,completed,100,74,2026-05-23T02:40:43
U00658,C0179,started,33,,2026-04-08T22:40:43
U00658,C0185,started,62,,2026-05-04T03:40:43
U00658,C0079,completed,100,52,2026-01-27T06:40:43
U00658,C0158,completed,100,68,2026-02-18T15:40:43
U00658,C0179,completed,100,75,2026-03-21T21:40:43
U00658,C0073,completed,100,50,2026-05-02T23:40:43
U00658,C0179,completed,100,100,2026-05-16T23:40:43
U00658,C0059,started,51,,2026-04-27T22:40:43
U00658,C0181,started,45,,2026-07-19T07:40:43
U00658,C0145,dropped,53,,2026-05-13T17:40:43
U00659,C0131,dropped,20,,2026-02-01T18:40:43
U00659,C0165,completed,100,90,2026-06-14T04:40:43
U00659,C0165,started,81,,2026-03-18T07:40:43
U00659,C0162,started,36,,2026-05-23T20:40:43
U00660,C0109,completed,100,44,2026-05-29T19:40:43
U00660,C0106,completed,100,73,2026-04-28T20:40:43
U00660,C0098,dropped,47,,2026-04-28T17:40:43
U00660,C0107,completed,100,68,2026-02-01T23:40:43
U00660,C0172,dropped,63,,2026-03-14T23:40:43
U00660,C0097,started,55,,2026-04-26T09:40:43
U00660,C0045,completed,100,70,2026-02-04T22:40:43
U00660,C0105,dropped,38,,2026-05-27T22:40:43
U00660,C0047,started,62,,2026-06-24T03:40:43
U00661,C0089,completed,100,51,2026-07-11T10:40:43
U00661,C0083,dropped,70,,2026-04-01T21:40:43
U00661,C0084,dropped,22,,2026-07-09T04:40:43
U00661,C0083,completed,100,73,2026-04-23T14:40:43
U00661,C0011,completed,100,80,2026-06-26T04:40:43
U00661,C0091,started,21,,2026-02-11T03:40:43
U00661,C0038,completed,100,72,2026-03-21T22:40:43
U00661,C0087,started,72,,2026-01-30T17:40:43
U00661,C0009,started,36,,2026-03-03T08:40:43
U00661,C0082,dropped,69,,2026-02-14T09:40:43
U00662,C0108,started,87,,2026-06-30T19:40:43
U00662,C0111,dropped,42,,2026-02-22T22:40:43
U00662,C0097,completed,100,48,2026-03-22T11:40:43
U00662,C0094,started,24,,2026-05-08T05:40:43
U00662,C0103,started,10,,2026-02-10T20:40:43
U00662,C0108,started,15,,2026-04-03T09:40:43
U00662,C0101,dropped,22,,2026-06-23T23:40:43
U00662,C0111,started,35,,2026-03-26T08:40:43
U00662,C0111,started,29,,2026-07-10T02:40:43
U00662,C0101,completed,100,55,2026-06-29T06:40:43
U00662,C0110,completed,100,94,2026-07-10T06:40:43
U00662,C0109,started,62,,2026-04-21T01:40:43
U00663,C0079,completed,100,61,2026-06-12T22:40:43
U00663,C0181,dropped,35,,2026-04-08T15:40:43
U00663,C0178,started,50,,2026-06-23T11:40:43
U00663,C0188,dropped,60,,2026-03-02T20:40:43
U00665,C0179,completed,100,51,2026-06-29T13:40:43
U00665,C0189,completed,100,84,2026-02-18T05:40:43
U00665,C0060,completed,100,52,2026-02-24T04:40:43
U00666,C0188,started,46,,2026-02-21T13:40:43
U00666,C0179,dropped,58,,2026-04-27T20:40:43
U00666,C0122,started,23,,2026-01-21T19:40:43
U00666,C0181,started,60,,2026-01-28T03:40:43
U00666,C0187,completed,100,83,2026-04-27T12:40:43
U00666,C0177,started,14,,2026-05-05T09:40:43
U00666,C0163,completed,100,59,2026-03-03T19:40:43
U00666,C0187,started,87,,2026-05-26T05:40:43
U00668,C0110,started,40,,2026-07-20T01:40:43
U00668,C0108,completed,100,52,2026-03-23T13:40:43
U00668,C0010,started,43,,2026-05-22T21:40:43
U00668,C0005,started,69,,2026-07-18T12:40:43
U00668,C0098,started,33,,2026-04-24T13:40:43
U00668,C0150,completed,100,83,2026-05-25T05:40:43
U00668,C0176,started,79,,2026-04-16T23:40:43
U00668,C0111,completed,100,68,2026-04-17T10:40:43
U00669,C0008,dropped,35,,2026-07-13T13:40:43
U00672,C0147,completed,100,78,2026-03-03T05:40:43
U00672,C0131,completed,100,53,2026-04-16T02:40:43
U00672,C0009,completed,100,42,2026-04-14T00:40:43
U00673,C0156,dropped,47,,2026-02-25T05:40:43
U00673,C0095,started,73,,2026-04-15T00:40:43
U00673,C0153,completed,100,95,2026-07-17T20:40:43
U00673,C0155,completed,100,81,2026-06-04T21:40:43
U00673,C0150,completed,100,88,2026-06-18T15:40:43
U00673,C0179,started,65,,2026-03-12T11:40:43
U00673,C0008,completed,100,40,2026-02-20T15:40:43
U00673,C0153,dropped,5,,2026-03-01T09:40:43
U00673,C0002,dropped,22,,2026-03-15T13:40:43
U00673,C0150,completed,100,62,2026-01-30T14:40:43
U00673,C0127,dropped,68,,2026-07-09T09:40:43
U00673,C0159,started,59,,2026-03-14T07:40:43
U00673,C0020,completed,100,67,2026-02-05T15:40:43
U00673,C0157,completed,100,41,2026-03-17T21:40:43
U00673,C0155,dropped,51,,2026-04-12T13:40:43
U00674,C0054,started,55,,2026-06-21T05:40:43
U00674,C0056,dropped,63,,2026-05-09T12:40:43
U00674,C0054,completed,100,43,2026-03-17T00:40:43
U00674,C0063,completed,100,96,2026-03-08T22:40:43
U00674,C0060,completed,100,75,2026-06-17T12:40:43
U00674,C0064,started,67,,2026-05-09T20:40:43
U00674,C0056,completed,100,79,2026-02-11T14:40:43
U00674,C0090,started,40,,2026-04-16T23:40:43
U00674,C0160,completed,100,51,2026-04-23T07:40:43
U00674,C0023,started,58,,2026-05-16T22:40:43
U00674,C0021,completed,100,71,2026-06-22T17:40:43
U00674,C0062,dropped,29,,2026-05-29T00:40:43
U00674,C0050,started,19,,2026-05-19T18:40:43
U00674,C0055,started,60,,2026-03-08T07:40:43
U00674,C0064,completed,100,55,2026-04-28T01:40:43
U00676,C0009,completed,100,71,2026-05-17T20:40:43
U00677,C0054,completed,100,94,2026-01-31T17:40:43
U00679,C0166,dropped,22,,2026-02-23T04:40:43
U00679,C0175,completed,100,61,2026-07-19T04:40:43
U00679,C0169,completed,100,91,2026-03-31T00:40:43
U00679,C0162,completed,100,70,2026-01-24T14:40:43
U00679,C0176,completed,100,76,2026-06-30T21:40:43
U00679,C0163,dropped,43,,2026-05-28T02:40:43
U00680,C0099,started,52,,2026-03-17T00:40:43
U00680,C0101,dropped,63,,2026-06-11T10:40:43
U00681,C0061,completed,100,94,2026-04-16T21:40:43
U00682,C0121,started,83,,2026-06-25T22:40:43
U00682,C0127,dropped,45,,2026-04-29T11:40:43
U00682,C0121,started,84,,2026-02-07T03:40:43
U00682,C0116,started,18,,2026-07-17T02:40:43
U00684,C0119,completed,100,93,2026-02-22T07:40:43
U00684,C0113,started,77,,2026-07-02T19:40:43
U00684,C0126,completed,100,100,2026-02-11T15:40:43
U00684,C0117,completed,100,95,2026-02-10T17:40:43
U00686,C0138,completed,100,96,2026-02-09T09:40:43
U00686,C0139,completed,100,42,2026-06-03T02:40:43
U00686,C0141,started,21,,2026-04-07T02:40:43
U00687,C0022,completed,100,100,2026-04-27T01:40:43
U00687,C0022,started,32,,2026-06-20T04:40:43
U00687,C0025,completed,100,79,2026-01-24T06:40:43
U00687,C0024,completed,100,40,2026-03-18T09:40:43
U00687,C0058,started,59,,2026-04-14T10:40:43
U00687,C0155,dropped,38,,2026-03-22T14:40:43
U00687,C0018,completed,100,90,2026-05-18T17:40:43
U00687,C0019,started,83,,2026-04-21T08:40:43
U00687,C0027,started,43,,2026-02-09T12:40:43
U00687,C0022,started,31,,2026-06-09T02:40:43
U00687,C0123,completed,100,64,2026-03-12T10:40:43
U00687,C0094,started,20,,2026-03-07T12:40:43
U00687,C0089,started,37,,2026-01-30T05:40:43
U00687,C0028,completed,100,40,2026-06-15T19:40:43
U00687,C0019,completed,100,67,2026-01-24T01:40:43
U00688,C0028,completed,100,75,2026-06-07T17:40:43
U00688,C0091,started,48,,2026-02-20T06:40:43
U00688,C0084,completed,100,46,2026-02-05T02:40:43
U00688,C0089,completed,100,58,2026-06-23T02:40:43
U00691,C0103,completed,100,58,2026-06-07T22:40:43
U00691,C0097,dropped,25,,2026-07-14T08:40:43
U00691,C0098,started,89,,2026-03-13T15:40:43
U00691,C0106,completed,100,72,2026-03-11T19:40:43
U00691,C0108,completed,100,74,2026-07-02T13:40:43
U00691,C0111,started,86,,2026-06-20T04:40:43
U00691,C0123,dropped,18,,2026-04-06T02:40:43
U00691,C0180,dropped,45,,2026-06-03T07:40:43
U00691,C0129,dropped,17,,2026-06-03T10:40:43
U00691,C0101,started,55,,2026-04-08T18:40:43
U00692,C0137,dropped,6,,2026-06-19T07:40:43
U00692,C0185,completed,100,100,2026-04-11T20:40:43
U00692,C0168,dropped,25,,2026-07-19T07:40:43
U00692,C0137,started,78,,2026-04-03T21:40:43
U00692,C0128,completed,100,59,2026-06-16T16:40:43
U00692,C0064,completed,100,98,2026-04-02T13:40:43
U00692,C0144,completed,100,74,2026-01-22T20:40:43
U00692,C0133,started,67,,2026-02-05T01:40:43
U00695,C0023,completed,100,96,2026-04-18T09:40:43
U00697,C0042,completed,100,91,2026-06-16T00:40:43
U00697,C0062,completed,100,96,2026-07-04T22:40:43
U00697,C0167,completed,100,71,2026-03-31T12:40:43
U00697,C0184,completed,100,60,2026-01-23T06:40:43
U00699,C0135,dropped,29,,2026-01-30T15:40:43
U00699,C0031,completed,100,67,2026-03-11T11:40:43
U00700,C0152,completed,100,98,2026-03-26T15:40:43
U00702,C0003,dropped,59,,2026-01-27T17:40:43
U00702,C0003,completed,100,60,2026-05-19T02:40:43
U00702,C0178,completed,100,92,2026-03-22T15:40:43
U00704,C0138,completed,100,82,2026-02-23T16:40:43
U00705,C0076,completed,100,72,2026-04-05T13:40:43
U00705,C0035,started,11,,2026-04-28T17:40:43
U00705,C0073,completed,100,87,2026-04-21T03:40:43
U00705,C0044,completed,100,61,2026-06-26T05:40:43
U00706,C0187,completed,100,62,2026-05-07T08:40:43
U00706,C0071,completed,100,62,2026-06-22T12:40:43
U00706,C0017,completed,100,71,2026-05-03T01:40:43
U00706,C0072,dropped,59,,2026-05-23T23:40:43
U00706,C0177,dropped,47,,2026-07-14T03:40:43
U00706,C0072,completed,100,98,2026-06-15T07:40:43
U00706,C0069,completed,100,84,2026-03-18T19:40:43
U00706,C0114,dropped,30,,2026-01-29T06:40:43
U00708,C0035,completed,100,96,2026-03-08T16:40:43
U00708,C0152,completed,100,95,2026-05-03T14:40:43
U00708,C0043,dropped,20,,2026-07-03T06:40:43
U00708,C0043,dropped,59,,2026-05-19T20:40:43
U00708,C0051,started,87,,2026-05-30T04:40:43
U00708,C0017,dropped,69,,2026-04-09T06:40:43
U00709,C0187,completed,100,77,2026-05-15T14:40:43
U00709,C0008,dropped,17,,2026-03-13T11:40:43
U00709,C0174,started,57,,2026-06-27T14:40:43
U00709,C0162,started,74,,2026-06-12T02:40:43
U00709,C0169,started,21,,2026-03-29T10:40:43
U00712,C0127,completed,100,80,2026-06-02T06:40:43
U00712,C0080,dropped,6,,2026-05-28T14:40:43
U00712,C0065,started,49,,2026-01-31T20:40:43
U00712,C0071,completed,100,48,2026-06-25T10:40:43
U00713,C0010,dropped,5,,2026-07-05T11:40:43
U00714,C0056,completed,100,61,2026-03-26T17:40:43
U00715,C0037,completed,100,78,2026-04-20T22:40:43
U00716,C0163,completed,100,90,2026-07-01T13:40:43
U00716,C0176,completed,100,97,2026-03-26T20:40:43
U00716,C0175,dropped,13,,2026-05-26T19:40:43
U00716,C0163,started,37,,2026-02-15T18:40:43
U00716,C0168,completed,100,81,2026-02-09T06:40:43
U00716,C0176,started,45,,2026-04-20T08:40:43
U00716,C0171,completed,100,72,2026-04-07T19:40:43
U00716,C0031,dropped,33,,2026-05-11T08:40:43
U00716,C0161,completed,100,77,2026-02-02T23:40:43
U00716,C0178,started,23,,2026-04-22T20:40:43
U00716,C0139,completed,100,98,2026-02-26T08:40:43
U00716,C0139,started,60,,2026-06-16T10:40:43
U00717,C0151,completed,100,77,2026-06-04T21:40:43
U00717,C0075,started,62,,2026-05-23T19:40:43
U00717,C0078,dropped,6,,2026-06-16T10:40:43
U00718,C0092,started,81,,2026-02-03T03:40:43
U00718,C0092,completed,100,81,2026-04-22T12:40:43
U00718,C0088,completed,100,57,2026-05-10T10:40:43
U00718,C0094,completed,100,84,2026-03-14T19:40:43
U00718,C0086,completed,100,97,2026-06-17T08:40:43
U00718,C0002,completed,100,48,2026-01-28T14:40:43
U00718,C0089,started,89,,2026-05-02T20:40:43
U00718,C0020,completed,100,58,2026-04-09T08:40:43
U00718,C0096,completed,100,40,2026-05-11T08:40:43
U00718,C0010,completed,100,66,2026-03-20T09:40:43
U00718,C0089,dropped,24,,2026-04-02T07:40:43
U00718,C0080,started,43,,2026-02-26T18:40:43
U00718,C0083,started,12,,2026-06-20T19:40:43
U00718,C0081,started,30,,2026-04-28T21:40:43
U00718,C0186,completed,100,54,2026-07-13T21:40:43
U00720,C0144,completed,100,56,2026-02-17T14:40:43
U00720,C0119,completed,100,43,2026-05-16T04:40:43
U00720,C0116,dropped,61,,2026-02-11T16:40:43
U00720,C0133,started,83,,2026-06-10T02:40:43
U00721,C0020,dropped,29,,2026-07-06T09:40:43
U00721,C0186,started,41,,2026-06-30T03:40:43
U00721,C0189,dropped,17,,2026-03-13T08:40:43
U00723,C0114,started,44,,2026-05-20T21:40:43
U00725,C0125,dropped,65,,2026-05-07T11:40:43
U00725,C0187,started,27,,2026-05-02T09:40:43
U00725,C0165,started,19,,2026-04-26T03:40:43
U00725,C0115,started,13,,2026-02-08T07:40:43
U00725,C0113,completed,100,55,2026-04-09T15:40:43
U00725,C0114,completed,100,63,2026-06-19T06:40:43
U00725,C0122,started,64,,2026-03-30T15:40:43
U00726,C0087,completed,100,82,2026-06-17T01:40:43
U00726,C0020,dropped,18,,2026-01-27T01:40:43
U00726,C0154,started,28,,2026-04-06T13:40:43
U00726,C0041,dropped,47,,2026-05-02T05:40:43
U00726,C0043,completed,100,49,2026-04-09T19:40:43
U00726,C0044,started,23,,2026-05-12T16:40:43
U00726,C0042,dropped,28,,2026-06-02T07:40:43
U00726,C0044,completed,100,92,2026-04-22T19:40:43
U00729,C0033,completed,100,99,2026-03-17T01:40:43
U00729,C0160,completed,100,72,2026-06-28T17:40:43
U00729,C0175,dropped,51,,2026-05-16T02:40:43
U00730,C0144,completed,100,70,2026-05-18T02:40:43
U00730,C0077,started,85,,2026-05-20T10:40:43
U00730,C0138,dropped,11,,2026-04-01T11:40:43
U00730,C0133,completed,100,74,2026-04-01T07:40:43
U00730,C0175,completed,100,63,2026-05-28T20:40:43
U00730,C0136,completed,100,92,2026-02-28T00:40:43
U00730,C0077,started,22,,2026-06-16T08:40:43
U00730,C0137,started,30,,2026-04-20T03:40:43
U00730,C0087,completed,100,42,2026-06-27T22:40:43
U00730,C0136,started,90,,2026-05-17T21:40:43
U00732,C0084,completed,100,58,2026-05-31T08:40:43
U00732,C0007,started,17,,2026-02-05T04:40:43
U00732,C0186,started,86,,2026-03-12T19:40:43
U00732,C0137,dropped,63,,2026-02-28T17:40:43
U00733,C0144,completed,100,56,2026-02-25T22:40:43
U00733,C0090,completed,100,87,2026-04-21T13:40:43
U00734,C0022,completed,100,52,2026-06-23T20:40:43
U00734,C0069,completed,100,46,2026-03-08T04:40:43
U00734,C0133,dropped,40,,2026-07-15T06:40:43
U00734,C0135,completed,100,82,2026-06-17T20:40:43
U00735,C0153,completed,100,89,2026-02-01T03:40:43
U00735,C0077,completed,100,63,2026-06-26T09:40:43
U00735,C0157,started,20,,2026-06-20T11:40:43
U00735,C0149,completed,100,91,2026-06-17T18:40:43
U00736,C0010,completed,100,61,2026-02-21T00:40:43
U00736,C0005,completed,100,99,2026-04-04T20:40:43
U00736,C0009,started,89,,2026-05-29T01:40:43
U00736,C0056,dropped,63,,2026-06-01T12:40:43
U00736,C0191,completed,100,53,2026-02-15T22:40:43
U00736,C0150,started,54,,2026-06-21T10:40:43
U00736,C0013,started,66,,2026-06-09T09:40:43
U00738,C0141,dropped,53,,2026-04-25T05:40:43
U00738,C0028,dropped,65,,2026-05-19T08:40:43
U00738,C0086,started,82,,2026-02-28T05:40:43
U00738,C0143,started,82,,2026-04-20T10:40:43
U00738,C0135,dropped,64,,2026-03-28T04:40:43
U00738,C0133,completed,100,52,2026-05-12T09:40:43
U00738,C0139,started,30,,2026-01-26T13:40:43
U00738,C0140,completed,100,93,2026-01-24T11:40:43
U00738,C0142,completed,100,41,2026-07-20T16:40:43
U00738,C0133,started,81,,2026-02-03T15:40:43
U00738,C0134,dropped,20,,2026-03-09T17:40:43
U00738,C0076,started,86,,2026-02-06T13:40:43
U00738,C0142,completed,100,48,2026-05-22T05:40:43
U00738,C0139,dropped,64,,2026-04-23T08:40:43
U00738,C0143,completed,100,41,2026-06-01T06:40:43
U00740,C0178,completed,100,95,2026-07-20T16:40:43
U00740,C0179,completed,100,40,2026-06-07T12:40:43
U00740,C0184,dropped,11,,2026-03-29T19:40:43
U00740,C0112,completed,100,73,2026-01-22T20:40:43
U00740,C0187,dropped,5,,2026-02-21T01:40:43
U00740,C0180,completed,100,42,2026-05-06T16:40:43
U00740,C0118,dropped,55,,2026-04-06T16:40:43
U00740,C0189,started,32,,2026-03-14T22:40:43
U00740,C0020,started,27,,2026-07-11T02:40:43
U00740,C0057,completed,100,60,2026-07-09T14:40:43
U00740,C0077,started,72,,2026-04-14T03:40:43
U00740,C0071,dropped,41,,2026-06-23T22:40:43
U00740,C0189,completed,100,42,2026-03-29T18:40:43
U00741,C0190,completed,100,87,2026-01-24T00:40:43
U00741,C0111,started,19,,2026-06-29T10:40:43
U00741,C0110,completed,100,49,2026-04-03T02:40:43
U00741,C0143,completed,100,81,2026-02-22T21:40:43
U00741,C0107,started,70,,2026-07-08T09:40:43
U00741,C0071,dropped,19,,2026-04-01T12:40:43
U00741,C0101,dropped,38,,2026-05-18T21:40:43
U00741,C0105,completed,100,58,2026-07-10T20:40:43
U00741,C0061,completed,100,91,2026-03-12T21:40:43
U00741,C0102,dropped,22,,2026-07-09T04:40:43
U00741,C0182,completed,100,53,2026-04-24T20:40:43
U00741,C0108,completed,100,70,2026-06-04T09:40:43
U00741,C0104,started,80,,2026-04-24T21:40:43
U00742,C0028,started,49,,2026-06-05T01:40:43
U00742,C0097,started,79,,2026-07-21T01:40:43
U00742,C0135,completed,100,78,2026-07-09T13:40:43
U00743,C0089,started,41,,2026-02-07T23:40:43
U00743,C0087,started,75,,2026-04-29T22:40:43
U00743,C0137,completed,100,83,2026-02-16T21:40:43
U00743,C0113,completed,100,91,2026-07-09T22:40:43
U00743,C0096,started,58,,2026-06-26T03:40:43
U00744,C0002,completed,100,86,2026-02-20T09:40:43
U00744,C0176,dropped,41,,2026-05-31T23:40:43
U00744,C0147,completed,100,80,2026-04-15T04:40:43
U00744,C0159,completed,100,95,2026-07-01T00:40:43
U00744,C0192,completed,100,93,2026-07-19T12:40:43
U00744,C0156,dropped,60,,2026-04-03T08:40:43
U00744,C0154,completed,100,86,2026-03-16T02:40:43
U00744,C0150,completed,100,63,2026-05-22T15:40:43
U00747,C0166,completed,100,85,2026-05-15T14:40:43
U00747,C0163,completed,100,48,2026-05-29T13:40:43
U00747,C0166,started,82,,2026-07-15T11:40:43
U00747,C0164,started,27,,2026-02-01T13:40:43
U00747,C0169,dropped,38,,2026-04-22T22:40:43
U00747,C0176,started,44,,2026-06-22T12:40:43
U00747,C0173,completed,100,58,2026-05-01T22:40:43
U00747,C0168,completed,100,97,2026-06-25T23:40:43
U00747,C0186,completed,100,81,2026-04-09T20:40:43
U00747,C0175,completed,100,65,2026-04-16T20:40:43
U00747,C0109,dropped,66,,2026-04-12T10:40:43
U00747,C0165,started,53,,2026-02-07T07:40:43
U00747,C0170,completed,100,60,2026-06-04T09:40:43
U00748,C0128,completed,100,77,2026-02-28T19:40:43
U00749,C0154,completed,100,49,2026-06-09T11:40:43
U00749,C0156,completed,100,66,2026-02-16T06:40:43
U00750,C0062,completed,100,57,2026-07-13T10:40:43
U00750,C0016,started,63,,2026-04-02T05:40:43
U00750,C0008,started,21,,2026-05-17T04:40:43
U00750,C0003,completed,100,52,2026-02-26T04:40:43
U00754,C0113,completed,100,56,2026-03-14T18:40:43
U00754,C0128,completed,100,48,2026-01-24T02:40:43
U00754,C0125,started,19,,2026-05-12T05:40:43
U00754,C0127,dropped,49,,2026-03-26T13:40:43
U00754,C0059,started,67,,2026-02-24T18:40:43
U00754,C0127,completed,100,45,2026-02-03T04:40:43
U00754,C0125,dropped,60,,2026-05-18T14:40:43
U00754,C0140,completed,100,87,2026-03-05T22:40:43
U00754,C0031,completed,100,99,2026-06-15T01:40:43
U00754,C0098,completed,100,78,2026-02-13T12:40:43
U00754,C0116,completed,100,98,2026-04-02T07:40:43
U00754,C0126,dropped,44,,2026-02-08T20:40:43
U00754,C0118,completed,100,65,2026-01-26T18:40:43
U00756,C0127,started,71,,2026-02-26T12:40:43
U00756,C0003,dropped,5,,2026-06-17T15:40:43
U00756,C0115,completed,100,43,2026-01-28T16:40:43
U00757,C0063,started,26,,2026-06-20T00:40:43
U00757,C0146,completed,100,97,2026-04-21T12:40:43
U00758,C0185,completed,100,51,2026-06-13T10:40:43
U00758,C0059,completed,100,53,2026-02-10T04:40:43
U00758,C0172,started,29,,2026-05-09T05:40:43
U00758,C0101,completed,100,83,2026-03-06T09:40:43
U00758,C0008,started,73,,2026-05-02T01:40:43
U00758,C0154,started,45,,2026-06-11T10:40:43
U00758,C0058,completed,100,52,2026-04-24T10:40:43
U00759,C0007,completed,100,55,2026-06-03T19:40:43
U00759,C0015,started,43,,2026-05-13T11:40:43
U00759,C0007,started,89,,2026-07-17T21:40:43
U00760,C0043,completed,100,55,2026-06-17T20:40:43
U00760,C0040,completed,100,62,2026-04-25T03:40:43
U00761,C0031,completed,100,100,2026-05-25T01:40:43
U00762,C0164,started,59,,2026-04-07T22:40:43
U00764,C0053,completed,100,51,2026-03-24T13:40:43
U00764,C0053,dropped,49,,2026-07-05T15:40:43
U00764,C0057,dropped,33,,2026-02-09T04:40:43
U00764,C0062,started,89,,2026-03-04T16:40:43
U00764,C0086,dropped,62,,2026-03-22T05:40:43
U00764,C0051,dropped,10,,2026-05-25T21:40:43
U00764,C0180,started,66,,2026-04-23T16:40:43
U00764,C0060,completed,100,82,2026-06-29T02:40:43
U00765,C0030,dropped,28,,2026-06-06T10:40:43
U00765,C0189,dropped,46,,2026-02-18T09:40:43
U00765,C0153,dropped,29,,2026-04-12T03:40:43
U00765,C0105,started,36,,2026-06-09T12:40:43
U00765,C0099,started,30,,2026-01-25T13:40:43
U00765,C0146,completed,100,49,2026-06-08T21:40:43
U00766,C0079,completed,100,94,2026-02-10T19:40:43
U00766,C0123,completed,100,46,2026-07-06T16:40:43
U00767,C0156,started,11,,2026-07-09T17:40:43
U00767,C0146,completed,100,53,2026-02-09T07:40:43
U00767,C0158,completed,100,70,2026-03-29T01:40:43
U00767,C0156,completed,100,47,2026-03-21T06:40:43
U00767,C0154,dropped,8,,2026-05-21T02:40:43
U00767,C0158,completed,100,54,2026-06-03T13:40:43
U00767,C0157,completed,100,90,2026-01-30T22:40:43
U00767,C0138,dropped,13,,2026-04-27T02:40:43
U00768,C0015,completed,100,53,2026-05-02T09:40:43
U00768,C0140,started,73,,2026-04-10T17:40:43
U00768,C0092,dropped,57,,2026-04-28T22:40:43
U00768,C0008,completed,100,68,2026-05-02T07:40:43
U00768,C0013,completed,100,73,2026-05-16T15:40:43
U00768,C0001,completed,100,51,2026-06-19T01:40:43
U00768,C0009,completed,100,70,2026-02-20T15:40:43
U00768,C0007,completed,100,48,2026-05-23T20:40:43
U00769,C0138,started,64,,2026-05-04T05:40:43
U00771,C0163,started,72,,2026-06-12T06:40:43
U00771,C0165,started,89,,2026-05-31T00:40:43
U00771,C0042,dropped,29,,2026-02-16T07:40:43
U00771,C0172,started,49,,2026-02-25T23:40:43
U00772,C0159,dropped,47,,2026-05-31T16:40:43
U00772,C0159,completed,100,53,2026-02-02T14:40:43
U00772,C0160,completed,100,83,2026-02-12T11:40:43
U00772,C0159,completed,100,59,2026-05-04T23:40:43
U00772,C0157,completed,100,59,2026-01-25T18:40:43
U00772,C0145,completed,100,76,2026-02-09T02:40:43
U00772,C0158,completed,100,96,2026-01-27T12:40:43
U00772,C0145,completed,100,61,2026-02-23T06:40:43
U00772,C0158,started,71,,2026-06-03T23:40:43
U00772,C0149,started,28,,2026-04-28T21:40:43
U00772,C0048,started,48,,2026-04-06T18:40:43
U00772,C0150,completed,100,43,2026-01-28T03:40:43
U00772,C0151,completed,100,83,2026-05-21T03:40:43
U00773,C0100,started,22,,2026-05-05T16:40:43
U00773,C0099,completed,100,64,2026-03-11T23:40:43
U00773,C0109,completed,100,87,2026-03-09T13:40:43
U00773,C0112,dropped,26,,2026-05-13T03:40:43
U00774,C0060,started,64,,2026-02-11T13:40:43
U00774,C0131,started,48,,2026-05-13T10:40:43
U00774,C0136,completed,100,55,2026-06-25T18:40:43
U00777,C0062,completed,100,91,2026-06-16T15:40:43
U00777,C0064,dropped,36,,2026-02-09T16:40:43
U00778,C0038,started,13,,2026-07-01T23:40:43
U00780,C0065,completed,100,55,2026-02-23T08:40:43
U00780,C0071,started,34,,2026-05-19T23:40:43
U00780,C0167,completed,100,58,2026-07-19T17:40:43
U00781,C0178,started,25,,2026-03-02T16:40:43
U00782,C0180,started,54,,2026-02-17T11:40:43
U00782,C0052,completed,100,69,2026-03-18T15:40:43
U00782,C0177,started,10,,2026-01-26T08:40:43
U00782,C0163,dropped,53,,2026-04-25T05:40:43
U00782,C0042,dropped,35,,2026-05-17T05:40:43
U00782,C0144,started,19,,2026-05-02T02:40:43
U00782,C0078,completed,100,47,2026-03-23T15:40:43
U00782,C0191,started,71,,2026-06-14T18:40:43
U00782,C0009,started,89,,2026-05-21T14:40:43
U00782,C0177,dropped,30,,2026-05-09T15:40:43
U00782,C0164,started,36,,2026-06-09T08:40:43
U00782,C0177,started,86,,2026-05-28T06:40:43
U00786,C0047,completed,100,63,2026-06-13T15:40:43
U00786,C0035,started,22,,2026-03-31T21:40:43
U00786,C0042,started,37,,2026-06-08T23:40:43
U00787,C0163,completed,100,72,2026-06-23T08:40:43
U00788,C0190,completed,100,100,2026-02-18T11:40:43
U00788,C0132,completed,100,72,2026-04-11T03:40:43
U00788,C0111,started,12,,2026-06-08T06:40:43
U00788,C0138,started,53,,2026-05-28T15:40:43
U00788,C0065,completed,100,52,2026-07-01T16:40:43
U00788,C0131,started,53,,2026-07-13T21:40:43
U00788,C0139,started,43,,2026-03-15T01:40:43
U00788,C0138,completed,100,71,2026-03-29T10:40:43
U00788,C0144,completed,100,67,2026-03-27T16:40:43
U00788,C0129,completed,100,86,2026-05-24T11:40:43
U00788,C0105,completed,100,93,2026-07-11T01:40:43
U00788,C0059,completed,100,97,2026-07-20T09:40:43
U00789,C0191,completed,100,68,2026-05-19T12:40:43
U00789,C0182,completed,100,47,2026-01-25T18:40:43
U00790,C0052,started,30,,2026-07-05T05:40:43
U00790,C0062,dropped,54,,2026-03-07T11:40:43
U00790,C0050,completed,100,51,2026-05-05T10:40:43
U00790,C0051,started,70,,2026-02-07T13:40:43
U00790,C0115,completed,100,69,2026-07-08T14:40:43
U00790,C0060,dropped,61,,2026-02-25T22:40:43
U00790,C0141,dropped,16,,2026-06-10T03:40:43
U00791,C0145,completed,100,59,2026-03-03T14:40:43
U00791,C0152,completed,100,82,2026-03-10T08:40:43
U00791,C0148,started,45,,2026-04-26T13:40:43
U00791,C0157,completed,100,66,2026-07-02T17:40:43
U00791,C0041,completed,100,87,2026-07-14T08:40:43
U00791,C0149,completed,100,68,2026-04-04T02:40:43
U00791,C0160,dropped,64,,2026-07-11T07:40:43
U00791,C0167,completed,100,56,2026-01-22T00:40:43
U00791,C0079,completed,100,50,2026-03-30T21:40:43
U00791,C0087,completed,100,43,2026-02-13T00:40:43
U00791,C0166,completed,100,73,2026-02-26T18:40:43
U00791,C0152,completed,100,72,2026-03-16T06:40:43
U00792,C0055,completed,100,61,2026-01-22T20:40:43
U00792,C0161,started,42,,2026-07-13T16:40:43
U00792,C0141,completed,100,52,2026-02-15T19:40:43
U00792,C0141,started,46,,2026-05-14T07:40:43
U00792,C0056,completed,100,88,2026-04-11T14:40:43
U00792,C0136,completed,100,75,2026-03-01T22:40:43
U00792,C0102,completed,100,49,2026-03-22T04:40:43
U00793,C0065,dropped,25,,2026-07-07T08:40:43
U00793,C0087,started,17,,2026-06-22T03:40:43
U00794,C0189,completed,100,56,2026-01-26T01:40:43
U00794,C0190,started,31,,2026-03-07T18:40:43
U00795,C0063,started,45,,2026-05-14T00:40:43
U00795,C0052,completed,100,96,2026-02-04T02:40:43
U00797,C0068,completed,100,56,2026-02-24T03:40:43
U00797,C0075,completed,100,58,2026-06-09T09:40:43
U00797,C0138,started,90,,2026-05-05T23:40:43
U00797,C0068,dropped,14,,2026-06-09T16:40:43
U00797,C0078,started,72,,2026-02-06T16:40:43
U00797,C0073,completed,100,58,2026-06-05T17:40:43
U00797,C0079,started,66,,2026-05-30T01:40:43
U00799,C0192,completed,100,81,2026-02-26T08:40:43
U00799,C0177,started,50,,2026-06-21T03:40:43
U00799,C0179,completed,100,54,2026-05-10T20:40:43
U00799,C0040,started,69,,2026-03-01T06:40:43
U00799,C0183,dropped,8,,2026-03-15T09:40:43
U00799,C0189,dropped,35,,2026-03-20T18:40:43
U00799,C0102,completed,100,87,2026-07-08T15:40:43
U00799,C0185,completed,100,40,2026-04-03T22:40:43
U00799,C0157,started,13,,2026-04-15T16:40:43
U00799,C0063,dropped,18,,2026-06-14T09:40:43
U00799,C0192,completed,100,84,2026-02-11T10:40:43
U00799,C0177,completed,100,94,2026-05-13T21:40:43
U00799,C0177,started,31,,2026-05-01T11:40:43
U00799,C0183,started,15,,2026-07-21T03:40:43
U00800,C0118,completed,100,91,2026-02-12T18:40:43
U00800,C0024,completed,100,47,2026-06-07T10:40:43
U00800,C0019,started,88,,2026-03-03T02:40:43
U00800,C0018,dropped,55,,2026-04-14T16:40:43
U00800,C0175,completed,100,56,2026-06-10T10:40:43
U00800,C0163,started,45,,2026-05-13T07:40:43
U00800,C0017,completed,100,54,2026-03-18T06:40:43
U00802,C0044,completed,100,50,2026-03-10T13:40:43
U00802,C0089,completed,100,60,2026-02-02T20:40:43
U00802,C0064,completed,100,78,2026-03-15T06:40:43
U00802,C0033,completed,100,71,2026-03-20T17:40:43
U00802,C0039,completed,100,67,2026-07-16T20:40:43
U00802,C0036,started,85,,2026-05-26T16:40:43
U00802,C0036,completed,100,89,2026-05-11T04:40:43
U00802,C0040,completed,100,91,2026-03-31T12:40:43
U00802,C0037,completed,100,89,2026-03-01T15:40:43
U00802,C0045,completed,100,40,2026-02-12T22:40:43
U00802,C0042,completed,100,98,2026-04-12T11:40:43
U00803,C0035,started,74,,2026-05-08T07:40:43
U00803,C0053,completed,100,93,2026-02-04T02:40:43
U00803,C0129,dropped,21,,2026-05-11T00:40:43
U00803,C0050,completed,100,90,2026-02-15T15:40:43
U00803,C0061,completed,100,61,2026-06-11T03:40:43
U00803,C0127,completed,100,100,2026-02-20T01:40:43
U00803,C0063,completed,100,66,2026-01-28T00:40:43
U00803,C0095,dropped,67,,2026-05-17T18:40:43
U00803,C0188,completed,100,87,2026-06-12T01:40:43
U00803,C0054,dropped,42,,2026-04-04T21:40:43
U00804,C0064,dropped,26,,2026-06-10T20:40:43
U00804,C0054,completed,100,76,2026-01-26T22:40:43
U00804,C0054,started,89,,2026-04-10T20:40:43
U00804,C0050,started,38,,2026-01-31T19:40:43
U00804,C0050,completed,100,43,2026-02-28T03:40:43
U00804,C0083,dropped,41,,2026-06-14T22:40:43
U00804,C0059,completed,100,60,2026-05-25T13:40:43
U00804,C0051,completed,100,52,2026-01-29T16:40:43
U00804,C0104,completed,100,79,2026-05-09T22:40:43
U00804,C0053,completed,100,87,2026-06-09T11:40:43
U00804,C0060,started,60,,2026-05-20T05:40:43
U00804,C0062,started,77,,2026-02-17T20:40:43
U00804,C0055,completed,100,73,2026-06-05T15:40:43
U00804,C0060,dropped,29,,2026-02-03T05:40:43
U00804,C0010,started,88,,2026-07-04T20:40:43
U00806,C0168,started,39,,2026-07-05T19:40:43
U00806,C0074,started,48,,2026-05-18T22:40:43
U00806,C0098,completed,100,83,2026-07-16T15:40:43
U00806,C0051,started,80,,2026-03-05T10:40:43
U00806,C0163,started,40,,2026-04-05T20:40:43
U00806,C0190,completed,100,69,2026-03-24T21:40:43
U00806,C0174,completed,100,69,2026-04-16T02:40:43
U00806,C0170,completed,100,96,2026-07-07T05:40:43
U00806,C0164,completed,100,91,2026-01-24T03:40:43
U00806,C0164,started,16,,2026-06-15T23:40:43
U00806,C0155,completed,100,55,2026-07-08T18:40:43
U00807,C0136,started,20,,2026-05-30T00:40:43
U00807,C0026,dropped,45,,2026-04-25T12:40:43
U00808,C0125,started,65,,2026-06-15T22:40:43
U00808,C0127,started,23,,2026-04-30T15:40:43
U00808,C0186,completed,100,72,2026-03-20T22:40:43
U00808,C0126,dropped,36,,2026-05-16T14:40:43
U00808,C0127,started,32,,2026-02-22T02:40:43
U00808,C0123,dropped,26,,2026-04-24T06:40:43
U00808,C0040,completed,100,89,2026-04-19T19:40:43
U00808,C0127,completed,100,50,2026-04-16T18:40:43
U00808,C0121,completed,100,89,2026-02-27T16:40:43
U00808,C0154,dropped,50,,2026-06-29T23:40:43
U00808,C0083,completed,100,84,2026-02-22T03:40:43
U00808,C0125,completed,100,58,2026-05-05T22:40:43
U00810,C0001,started,57,,2026-06-08T02:40:43
U00810,C0189,completed,100,63,2026-04-28T03:40:43
U00811,C0144,completed,100,78,2026-01-27T00:40:43
U00812,C0077,completed,100,42,2026-02-13T14:40:43
U00812,C0112,started,53,,2026-07-09T12:40:43
U00812,C0017,started,49,,2026-02-01T09:40:43
U00812,C0018,dropped,68,,2026-05-21T03:40:43
U00812,C0098,completed,100,46,2026-04-07T08:40:43
U00812,C0026,started,72,,2026-02-20T16:40:43
U00814,C0089,completed,100,60,2026-06-05T20:40:43
U00815,C0183,dropped,56,,2026-03-17T14:40:43
U00815,C0083,dropped,11,,2026-04-03T23:40:43
U00816,C0095,started,51,,2026-04-18T22:40:43
U00817,C0106,dropped,35,,2026-04-04T12:40:43
U00820,C0060,completed,100,84,2026-04-07T08:40:43
U00820,C0024,started,52,,2026-04-06T05:40:43
U00820,C0057,dropped,14,,2026-03-13T07:40:43
U00821,C0037,started,28,,2026-02-06T13:40:43
U00821,C0047,dropped,44,,2026-02-28T13:40:43
U00821,C0160,completed,100,73,2026-03-19T17:40:43
U00821,C0142,completed,100,45,2026-02-24T22:40:43
U00822,C0048,completed,100,56,2026-05-29T23:40:43
U00822,C0038,started,54,,2026-02-26T12:40:43
U00822,C0041,started,10,,2026-06-21T07:40:43
U00822,C0045,completed,100,85,2026-07-19T08:40:43
U00822,C0039,dropped,16,,2026-02-24T19:40:43
U00823,C0113,dropped,51,,2026-02-01T00:40:43
U00823,C0125,started,29,,2026-06-07T05:40:43
U00823,C0119,completed,100,70,2026-05-29T15:40:43
U00823,C0127,completed,100,79,2026-05-08T06:40:43
U00823,C0138,dropped,5,,2026-05-06T11:40:43
U00823,C0178,started,30,,2026-03-23T05:40:43
U00823,C0117,completed,100,73,2026-06-06T13:40:43
U00823,C0125,started,51,,2026-06-18T14:40:43
U00824,C0020,completed,100,84,2026-06-13T11:40:43
U00824,C0129,completed,100,67,2026-01-29T13:40:43
U00824,C0094,dropped,13,,2026-02-28T01:40:43
U00824,C0099,completed,100,46,2026-02-04T06:40:43
U00824,C0099,completed,100,90,2026-02-17T11:40:43
U00824,C0061,completed,100,65,2026-05-23T23:40:43
U00824,C0154,completed,100,72,2026-07-02T15:40:43
U00824,C0110,dropped,46,,2026-02-22T19:40:43
U00824,C0097,started,72,,2026-02-15T10:40:43
U00824,C0169,dropped,8,,2026-05-24T20:40:43
U00825,C0052,completed,100,49,2026-05-17T12:40:43
U00825,C0079,dropped,47,,2026-04-05T21:40:43
U00825,C0155,started,41,,2026-07-08T00:40:43
U00826,C0079,completed,100,48,2026-01-22T23:40:43
U00826,C0074,dropped,42,,2026-03-04T16:40:43
U00826,C0076,started,86,,2026-03-14T04:40:43
U00826,C0070,dropped,14,,2026-04-29T08:40:43
U00828,C0163,started,20,,2026-04-08T00:40:43
U00828,C0172,started,31,,2026-06-16T13:40:43
U00828,C0100,dropped,46,,2026-02-03T03:40:43
U00828,C0145,dropped,21,,2026-02-27T02:40:43
U00829,C0074,started,42,,2026-04-30T21:40:43
U00829,C0078,dropped,14,,2026-05-21T18:40:43
U00829,C0078,completed,100,61,2026-07-16T12:40:43
U00830,C0147,completed,100,78,2026-04-23T12:40:43
U00830,C0191,completed,100,49,2026-05-28T17:40:43
U00830,C0188,dropped,29,,2026-04-14T11:40:43
U00830,C0154,started,68,,2026-07-13T22:40:43
U00830,C0187,completed,100,66,2026-07-12T13:40:43
U00831,C0117,started,27,,2026-07-14T04:40:43
U00832,C0100,dropped,25,,2026-07-18T17:40:43
U00832,C0112,completed,100,54,2026-03-30T06:40:43
U00832,C0063,started,42,,2026-03-15T04:40:43
U00832,C0108,completed,100,40,2026-03-25T15:40:43
U00832,C0097,completed,100,82,2026-04-28T20:40:43
U00832,C0062,completed,100,42,2026-05-01T03:40:43
U00832,C0111,started,41,,2026-07-01T23:40:43
U00832,C0097,completed,100,87,2026-04-25T03:40:43
U00833,C0120,completed,100,43,2026-04-21T19:40:43
U00833,C0100,started,30,,2026-04-28T05:40:43
U00833,C0038,completed,100,96,2026-04-05T07:40:43
U00833,C0048,completed,100,97,2026-07-08T14:40:43
U00833,C0043,completed,100,59,2026-07-18T09:40:43
U00833,C0100,dropped,64,,2026-07-18T10:40:43
U00833,C0034,dropped,9,,2026-03-28T05:40:43
U00833,C0043,started,66,,2026-05-22T15:40:43
U00833,C0048,started,61,,2026-02-25T04:40:43
U00833,C0162,completed,100,57,2026-06-25T05:40:43
U00833,C0043,dropped,53,,2026-03-16T09:40:43
U00833,C0037,started,11,,2026-04-23T02:40:43
U00833,C0041,completed,100,85,2026-06-07T00:40:43
U00834,C0162,started,55,,2026-02-18T02:40:43
U00835,C0070,completed,100,58,2026-07-05T06:40:43
U00835,C0079,completed,100,87,2026-02-21T10:40:43
U00835,C0053,started,79,,2026-03-28T14:40:43
U00835,C0079,completed,100,67,2026-07-11T15:40:43
U00835,C0070,dropped,45,,2026-07-03T05:40:43
U00836,C0103,completed,100,92,2026-03-22T18:40:43
U00836,C0111,started,34,,2026-07-15T19:40:43
U00836,C0103,completed,100,50,2026-01-25T17:40:43
U00836,C0175,completed,100,51,2026-04-13T23:40:43
U00836,C0102,dropped,65,,2026-06-20T00:40:43
U00836,C0131,completed,100,47,2026-05-26T04:40:43
U00836,C0019,dropped,70,,2026-04-06T10:40:43
U00836,C0111,completed,100,68,2026-03-17T09:40:43
U00836,C0101,completed,100,95,2026-05-24T10:40:43
U00837,C0123,dropped,39,,2026-07-13T00:40:43
U00837,C0182,started,11,,2026-05-28T22:40:43
U00837,C0191,completed,100,70,2026-06-22T16:40:43
U00837,C0041,completed,100,70,2026-02-02T06:40:43
U00837,C0187,completed,100,69,2026-07-05T05:40:43
U00837,C0078,completed,100,56,2026-01-24T00:40:43
U00837,C0186,completed,100,68,2026-04-21T06:40:43
U00837,C0186,dropped,43,,2026-01-28T19:40:43
U00837,C0187,started,63,,2026-02-03T16:40:43
U00837,C0178,completed,100,92,2026-03-10T00:40:43
U00837,C0020,completed,100,67,2026-03-22T04:40:43
U00837,C0140,started,68,,2026-04-03T02:40:43
U00837,C0114,completed,100,43,2026-02-01T22:40:43
U00838,C0039,completed,100,53,2026-07-03T17:40:43
U00838,C0046,completed,100,43,2026-06-05T20:40:43
U00838,C0046,started,90,,2026-05-05T12:40:43
U00838,C0093,started,40,,2026-05-29T18:40:43
U00838,C0040,completed,100,96,2026-04-20T07:40:43
U00838,C0043,completed,100,61,2026-07-02T01:40:43
U00838,C0096,dropped,22,,2026-04-09T05:40:43
U00838,C0033,dropped,30,,2026-06-09T03:40:43
U00838,C0181,completed,100,64,2026-06-22T14:40:43
U00838,C0045,completed,100,85,2026-01-25T19:40:43
U00838,C0111,dropped,37,,2026-03-19T22:40:43
U00838,C0039,completed,100,41,2026-05-28T14:40:43
U00838,C0041,completed,100,88,2026-03-29T13:40:43
U00840,C0149,started,83,,2026-05-11T09:40:43
U00840,C0182,dropped,33,,2026-06-15T19:40:43
U00841,C0102,completed,100,83,2026-02-23T03:40:43
U00841,C0028,started,57,,2026-05-11T09:40:43
U00841,C0150,completed,100,97,2026-03-08T04:40:43
U00841,C0145,started,39,,2026-04-23T23:40:43
U00841,C0151,dropped,25,,2026-03-14T07:40:43
U00842,C0058,dropped,6,,2026-05-03T21:40:43
U00842,C0061,completed,100,46,2026-04-02T19:40:43
U00843,C0023,started,56,,2026-07-05T19:40:43
U00843,C0046,dropped,45,,2026-04-14T02:40:43
U00843,C0058,completed,100,43,2026-01-26T14:40:43
U00843,C0038,started,83,,2026-06-08T00:40:43
U00844,C0170,completed,100,99,2026-02-01T05:40:43
U00844,C0163,completed,100,55,2026-07-16T18:40:43
U00847,C0033,started,36,,2026-01-22T23:40:43
U00847,C0130,completed,100,91,2026-05-09T14:40:43
U00847,C0131,completed,100,67,2026-05-21T03:40:43
U00847,C0184,dropped,9,,2026-05-24T08:40:43
U00849,C0088,completed,100,67,2026-06-06T07:40:43
U00849,C0092,dropped,44,,2026-07-03T02:40:43
U00849,C0139,completed,100,98,2026-04-16T07:40:43
U00849,C0092,started,23,,2026-02-09T11:40:43
U00849,C0094,started,58,,2026-04-05T12:40:43
U00849,C0082,started,59,,2026-07-20T02:40:43
U00850,C0121,completed,100,61,2026-05-30T19:40:43
U00851,C0125,dropped,22,,2026-05-03T03:40:43
U00851,C0113,completed,100,80,2026-03-17T18:40:43
U00851,C0123,dropped,33,,2026-06-14T09:40:43
U00851,C0114,dropped,40,,2026-06-12T05:40:43
U00851,C0151,completed,100,87,2026-05-17T11:40:43
U00851,C0115,completed,100,40,2026-01-26T21:40:43
U00851,C0156,started,41,,2026-02-01T14:40:43
U00851,C0124,completed,100,87,2026-07-13T22:40:43
U00851,C0116,started,53,,2026-05-23T04:40:43
U00851,C0032,completed,100,56,2026-03-26T17:40:43
U00851,C0089,completed,100,44,2026-06-07T17:40:43
U00851,C0134,started,84,,2026-06-06T06:40:43
U00851,C0118,completed,100,82,2026-03-03T09:40:43
U00851,C0118,started,85,,2026-01-28T00:40:43
U00853,C0004,dropped,25,,2026-04-05T16:40:43
U00853,C0011,dropped,46,,2026-07-06T20:40:43
U00853,C0181,started,86,,2026-07-05T04:40:43
U00853,C0072,started,31,,2026-04-19T10:40:43
U00853,C0048,started,60,,2026-06-13T04:40:43
U00853,C0010,started,39,,2026-03-19T15:40:43
U00853,C0009,started,84,,2026-02-20T03:40:43
U00853,C0012,completed,100,41,2026-06-03T04:40:43
U00853,C0142,completed,100,92,2026-06-27T02:40:43
U00853,C0008,dropped,10,,2026-03-12T01:40:43
U00853,C0082,completed,100,57,2026-01-30T19:40:43
U00854,C0129,dropped,20,,2026-03-01T07:40:43
U00854,C0128,started,17,,2026-02-14T10:40:43
U00854,C0138,started,83,,2026-01-26T04:40:43
U00854,C0131,completed,100,71,2026-05-17T13:40:43
U00854,C0135,completed,100,62,2026-04-11T19:40:43
U00854,C0137,dropped,55,,2026-04-27T14:40:43
U00854,C0064,started,45,,2026-02-17T23:40:43
U00854,C0129,completed,100,54,2026-04-11T23:40:43
U00854,C0080,started,28,,2026-07-19T18:40:43
U00854,C0129,started,76,,2026-02-19T05:40:43
U00854,C0133,completed,100,94,2026-06-17T18:40:43
U00854,C0154,started,37,,2026-02-23T04:40:43
U00854,C0029,started,60,,2026-02-15T13:40:43
U00854,C0143,completed,100,84,2026-04-01T22:40:43
U00854,C0130,started,22,,2026-04-03T05:40:43
U00855,C0181,started,80,,2026-07-04T04:40:43
U00856,C0073,started,75,,2026-05-23T16:40:43
U00856,C0071,dropped,50,,2026-05-20T16:40:43
U00856,C0077,started,78,,2026-04-24T05:40:43
U00856,C0079,dropped,42,,2026-01-22T11:40:43
U00859,C0079,dropped,39,,2026-03-18T05:40:43
U00859,C0175,dropped,9,,2026-05-11T17:40:43
U00859,C0014,completed,100,44,2026-02-17T02:40:43
U00859,C0173,dropped,48,,2026-02-23T20:40:43
U00859,C0061,started,14,,2026-02-02T05:40:43
U00859,C0065,completed,100,53,2026-04-09T18:40:43
U00859,C0180,dropped,7,,2026-05-07T08:40:43
U00859,C0123,completed,100,80,2026-05-11T05:40:43
U00859,C0166,dropped,69,,2026-02-01T19:40:43
U00859,C0175,dropped,59,,2026-02-23T17:40:43
U00859,C0171,completed,100,51,2026-05-22T22:40:43
U00859,C0163,started,43,,2026-03-06T01:40:43
U00860,C0052,dropped,54,,2026-04-28T20:40:43
U00860,C0131,completed,100,49,2026-02-21T08:40:43
U00860,C0064,completed,100,79,2026-02-06T18:40:43
U00860,C0054,started,84,,2026-07-04T16:40:43
U00861,C0068,completed,100,62,2026-01-28T18:40:43
U00861,C0087,completed,100,54,2026-07-05T13:40:43
U00861,C0063,dropped,31,,2026-06-19T19:40:43
U00861,C0141,dropped,7,,2026-03-17T08:40:43
U00861,C0137,started,22,,2026-05-12T12:40:43
U00862,C0073,started,66,,2026-04-17T22:40:43
U00865,C0126,completed,100,89,2026-07-10T21:40:43
U00865,C0160,started,62,,2026-03-08T12:40:43
U00865,C0123,completed,100,59,2026-06-11T21:40:43
U00865,C0185,started,85,,2026-03-18T17:40:43
U00865,C0149,dropped,52,,2026-06-21T15:40:43
U00865,C0119,dropped,57,,2026-02-10T01:40:43
U00866,C0095,dropped,36,,2026-01-31T20:40:43
U00866,C0011,started,85,,2026-01-24T07:40:43
U00866,C0034,completed,100,84,2026-03-16T21:40:43
U00866,C0043,started,61,,2026-07-20T15:40:43
U00866,C0042,dropped,7,,2026-05-17T10:40:43
U00866,C0044,completed,100,90,2026-07-06T10:40:43
U00866,C0039,dropped,57,,2026-01-27T23:40:43
U00866,C0124,started,10,,2026-03-31T08:40:43
U00866,C0127,started,65,,2026-05-27T12:40:43
U00866,C0014,dropped,42,,2026-06-05T13:40:43
U00866,C0033,completed,100,53,2026-03-11T18:40:43
U00866,C0126,completed,100,48,2026-06-08T21:40:43
U00868,C0099,completed,100,54,2026-02-24T09:40:43
U00868,C0106,dropped,39,,2026-03-20T07:40:43
U00868,C0098,dropped,54,,2026-03-23T19:40:43
U00868,C0098,completed,100,67,2026-02-13T11:40:43
U00868,C0100,completed,100,90,2026-01-23T00:40:43
U00868,C0102,completed,100,44,2026-05-22T03:40:43
U00868,C0112,started,27,,2026-06-11T14:40:43
U00868,C0110,completed,100,67,2026-04-09T01:40:43
U00868,C0097,completed,100,87,2026-02-09T06:40:43
U00870,C0105,started,38,,2026-01-23T06:40:43
U00871,C0031,completed,100,40,2026-04-18T18:40:43
U00871,C0050,dropped,62,,2026-05-25T06:40:43
U00871,C0125,completed,100,68,2026-02-28T15:40:43
U00871,C0122,completed,100,93,2026-04-17T07:40:43
U00871,C0123,started,66,,2026-07-18T12:40:43
U00871,C0124,dropped,6,,2026-04-19T06:40:43
U00871,C0082,completed,100,74,2026-03-17T03:40:43
U00871,C0117,completed,100,61,2026-01-29T17:40:43
U00871,C0126,completed,100,99,2026-04-30T18:40:43
U00871,C0117,dropped,36,,2026-05-01T22:40:43
U00871,C0125,completed,100,61,2026-02-01T00:40:43
U00871,C0115,completed,100,88,2026-02-20T21:40:43
U00871,C0083,dropped,30,,2026-03-21T19:40:43
U00873,C0047,dropped,39,,2026-05-18T01:40:43
U00874,C0160,completed,100,50,2026-06-23T05:40:43
U00875,C0105,completed,100,44,2026-05-01T07:40:43
U00875,C0107,started,28,,2026-06-18T14:40:43
U00875,C0114,completed,100,72,2026-06-27T11:40:43
U00875,C0164,started,66,,2026-07-02T16:40:43
U00875,C0169,started,81,,2026-02-17T14:40:43
U00875,C0175,completed,100,100,2026-05-04T18:40:43
U00875,C0164,dropped,56,,2026-03-12T08:40:43
U00875,C0168,started,11,,2026-03-10T11:40:43
U00875,C0161,completed,100,81,2026-03-13T10:40:43
U00875,C0169,started,37,,2026-05-09T13:40:43
U00875,C0082,completed,100,87,2026-06-22T13:40:43
U00876,C0072,completed,100,81,2026-03-10T12:40:43
U00876,C0098,completed,100,46,2026-05-22T09:40:43
U00876,C0078,completed,100,66,2026-07-16T07:40:43
U00876,C0022,dropped,42,,2026-04-01T21:40:43
U00876,C0069,completed,100,49,2026-01-21T14:40:43
U00877,C0007,completed,100,50,2026-07-07T21:40:43
U00877,C0073,completed,100,84,2026-04-29T16:40:43
U00877,C0006,completed,100,95,2026-02-23T07:40:43
U00877,C0008,started,43,,2026-04-02T00:40:43
U00877,C0012,completed,100,97,2026-06-20T22:40:43
U00877,C0016,dropped,70,,2026-02-10T08:40:43
U00877,C0010,dropped,49,,2026-07-07T02:40:43
U00877,C0013,started,22,,2026-04-11T03:40:43
U00877,C0013,started,82,,2026-04-30T05:40:43
U00877,C0037,dropped,7,,2026-03-23T07:40:43
U00878,C0105,started,33,,2026-04-07T08:40:43
U00878,C0172,dropped,51,,2026-03-18T03:40:43
U00878,C0093,started,11,,2026-01-26T01:40:43
U00878,C0056,completed,100,42,2026-03-11T04:40:43
U00878,C0089,dropped,65,,2026-03-11T19:40:43
U00878,C0084,completed,100,40,2026-04-01T16:40:43
U00878,C0093,completed,100,51,2026-04-17T14:40:43
U00878,C0101,dropped,60,,2026-01-26T06:40:43
U00878,C0094,completed,100,45,2026-06-06T20:40:43
U00878,C0089,started,36,,2026-02-14T12:40:43
U00878,C0091,completed,100,70,2026-02-27T12:40:43
U00878,C0006,dropped,22,,2026-03-12T11:40:43
U00878,C0095,completed,100,83,2026-07-14T22:40:43
U00881,C0045,completed,100,76,2026-05-09T03:40:43
U00881,C0044,completed,100,57,2026-06-26T15:40:43
U00881,C0040,completed,100,41,2026-05-27T06:40:43
U00881,C0180,dropped,60,,2026-02-01T12:40:43
U00881,C0047,dropped,11,,2026-04-03T22:40:43
U00882,C0117,completed,100,85,2026-06-27T09:40:43
U00882,C0010,started,39,,2026-03-13T03:40:43
U00882,C0127,dropped,27,,2026-04-12T11:40:43
U00883,C0096,completed,100,90,2026-02-13T00:40:43
U00883,C0058,started,51,,2026-05-27T17:40:43
U00883,C0085,started,26,,2026-04-19T20:40:43
U00883,C0086,completed,100,56,2026-04-19T21:40:43
U00883,C0006,dropped,49,,2026-06-04T09:40:43
U00883,C0090,completed,100,67,2026-07-13T04:40:43
U00883,C0056,completed,100,65,2026-03-06T20:40:43
U00883,C0090,started,12,,2026-02-01T02:40:43
U00883,C0088,completed,100,72,2026-02-19T02:40:43
U00883,C0096,started,59,,2026-02-23T13:40:43
U00883,C0054,completed,100,55,2026-06-17T15:40:43
U00883,C0043,completed,100,45,2026-04-04T13:40:43
U00883,C0176,completed,100,58,2026-04-06T12:40:43
U00883,C0175,completed,100,90,2026-07-03T19:40:43
U00883,C0158,started,63,,2026-07-01T04:40:43
U00884,C0075,dropped,22,,2026-01-22T09:40:43
U00884,C0123,completed,100,51,2026-05-23T15:40:43
U00884,C0114,started,45,,2026-03-26T05:40:43
U00884,C0126,started,35,,2026-03-13T17:40:43
U00884,C0124,started,82,,2026-02-11T20:40:43
U00884,C0147,completed,100,75,2026-02-10T15:40:43
U00884,C0117,started,80,,2026-02-06T08:40:43
U00884,C0113,started,42,,2026-06-05T19:40:43
U00884,C0174,completed,100,65,2026-06-05T01:40:43
U00884,C0128,completed,100,61,2026-06-24T03:40:43
U00885,C0141,completed,100,80,2026-01-23T14:40:43
U00885,C0001,started,43,,2026-02-10T00:40:43
U00885,C0144,dropped,39,,2026-06-10T14:40:43
U00885,C0138,dropped,55,,2026-04-04T00:40:43
U00885,C0042,dropped,30,,2026-07-10T00:40:43
U00888,C0119,dropped,37,,2026-05-30T04:40:43
U00888,C0126,completed,100,83,2026-03-28T14:40:43
U00888,C0127,started,26,,2026-04-13T01:40:43
U00889,C0119,completed,100,40,2026-05-05T13:40:43
U00889,C0115,started,70,,2026-03-21T09:40:43
U00889,C0166,dropped,8,,2026-04-07T09:40:43
U00889,C0146,completed,100,56,2026-04-11T23:40:43
U00890,C0121,completed,100,90,2026-06-27T21:40:43
U00890,C0150,started,39,,2026-04-17T23:40:43
U00890,C0152,completed,100,87,2026-07-09T05:40:43
U00890,C0151,completed,100,94,2026-02-25T00:40:43
U00890,C0091,completed,100,86,2026-04-14T20:40:43
U00890,C0145,completed,100,75,2026-06-27T12:40:43
U00890,C0160,started,38,,2026-02-03T16:40:43
U00890,C0159,dropped,39,,2026-04-05T12:40:43
U00890,C0022,completed,100,45,2026-05-15T16:40:43
U00890,C0151,completed,100,82,2026-05-22T08:40:43
U00890,C0102,dropped,61,,2026-04-26T23:40:43
U00891,C0082,completed,100,44,2026-02-09T16:40:43
U00891,C0109,started,12,,2026-07-05T15:40:43
U00891,C0093,started,25,,2026-07-08T00:40:43
U00892,C0063,completed,100,95,2026-02-06T10:40:43
U00892,C0132,started,56,,2026-05-31T13:40:43
U00892,C0184,completed,100,63,2026-06-10T20:40:43
U00892,C0043,completed,100,74,2026-04-11T21:40:43
U00893,C0154,completed,100,77,2026-07-11T20:40:43
U00896,C0148,completed,100,85,2026-03-03T06:40:43
U00896,C0113,started,26,,2026-02-25T04:40:43
U00896,C0116,started,26,,2026-04-11T19:40:43
U00896,C0128,dropped,58,,2026-07-16T06:40:43
U00898,C0064,completed,100,84,2026-06-16T12:40:43
U00898,C0025,started,90,,2026-02-06T00:40:43
U00898,C0060,completed,100,88,2026-06-29T20:40:43
U00899,C0166,started,57,,2026-04-20T07:40:43
U00899,C0096,completed,100,95,2026-04-01T05:40:43
U00899,C0165,completed,100,75,2026-06-05T16:40:43
U00900,C0085,completed,100,68,2026-03-08T16:40:43
U00900,C0092,completed,100,52,2026-04-22T16:40:43
U00900,C0080,dropped,57,,2026-03-08T14:40:43
U00900,C0096,started,45,,2026-01-29T00:40:43
U00900,C0095,completed,100,97,2026-03-10T04:40:43
U00900,C0081,dropped,20,,2026-03-03T00:40:43
U00900,C0002,dropped,66,,2026-05-01T23:40:43
U00900,C0081,completed,100,61,2026-03-05T08:40:43
U00901,C0148,started,81,,2026-01-27T22:40:43
U00901,C0160,dropped,38,,2026-05-17T20:40:43
U00901,C0151,completed,100,91,2026-03-02T22:40:43
U00902,C0077,completed,100,55,2026-05-26T04:40:43
U00902,C0031,completed,100,87,2026-02-24T22:40:43
U00902,C0064,completed,100,95,2026-06-14T07:40:43
U00902,C0190,dropped,26,,2026-03-15T08:40:43
U00903,C0134,started,47,,2026-05-29T18:40:43
U00904,C0155,started,31,,2026-06-21T16:40:43
U00904,C0155,dropped,5,,2026-05-17T20:40:43
U00904,C0158,started,71,,2026-02-06T17:40:43
U00904,C0147,started,85,,2026-03-18T21:40:43
U00904,C0158,completed,100,76,2026-03-06T12:40:43
U00904,C0148,completed,100,45,2026-03-31T02:40:43
U00904,C0152,completed,100,63,2026-05-29T16:40:43
U00904,C0156,completed,100,91,2026-05-05T19:40:43
U00904,C0172,dropped,51,,2026-03-28T08:40:43
U00904,C0153,dropped,38,,2026-02-17T23:40:43
U00904,C0158,started,82,,2026-05-01T06:40:43
U00904,C0153,completed,100,70,2026-05-11T04:40:43
U00905,C0184,completed,100,72,2026-03-26T21:40:43
U00905,C0179,completed,100,98,2026-02-13T09:40:43
U00906,C0123,completed,100,77,2026-01-30T18:40:43
U00906,C0053,completed,100,92,2026-02-19T10:40:43
U00906,C0002,completed,100,40,2026-05-01T02:40:43
U00906,C0020,completed,100,64,2026-04-29T18:40:43
U00906,C0018,completed,100,76,2026-07-03T17:40:43
U00906,C0026,dropped,42,,2026-04-08T07:40:43
U00906,C0192,started,27,,2026-06-02T16:40:43
U00906,C0018,completed,100,88,2026-04-08T01:40:43
U00906,C0028,dropped,29,,2026-04-17T16:40:43
U00906,C0081,completed,100,91,2026-06-10T19:40:43
U00906,C0020,completed,100,98,2026-07-20T19:40:43
U00906,C0032,completed,100,60,2026-02-08T20:40:43
U00906,C0021,completed,100,90,2026-03-22T05:40:43
U00906,C0030,started,85,,2026-03-22T21:40:43
U00908,C0110,started,73,,2026-02-02T17:40:43
U00908,C0139,dropped,6,,2026-07-06T14:40:43
U00909,C0162,completed,100,48,2026-02-17T23:40:43
U00909,C0161,completed,100,41,2026-03-29T16:40:43
U00909,C0166,completed,100,49,2026-04-09T00:40:43
U00911,C0088,started,89,,2026-05-04T14:40:43
U00911,C0092,completed,100,47,2026-07-03T21:40:43
U00911,C0087,completed,100,93,2026-03-30T06:40:43
U00913,C0159,completed,100,72,2026-01-30T19:40:43
U00914,C0059,completed,100,84,2026-03-03T11:40:43
U00914,C0061,completed,100,80,2026-03-21T07:40:43
U00914,C0055,dropped,52,,2026-07-12T21:40:43
U00914,C0012,started,34,,2026-07-09T22:40:43
U00915,C0133,completed,100,60,2026-04-12T18:40:43
U00915,C0143,completed,100,92,2026-06-04T20:40:43
U00915,C0139,started,82,,2026-03-01T07:40:43
U00915,C0134,completed,100,54,2026-03-22T08:40:43
U00916,C0103,completed,100,93,2026-03-08T00:40:43
U00917,C0089,completed,100,72,2026-05-29T22:40:43
U00918,C0111,started,78,,2026-04-10T22:40:43
U00918,C0078,started,61,,2026-03-21T20:40:43
U00918,C0076,completed,100,68,2026-05-19T12:40:43
U00918,C0090,started,10,,2026-04-30T12:40:43
U00918,C0175,completed,100,82,2026-06-18T00:40:43
U00918,C0066,started,78,,2026-02-04T16:40:43
U00918,C0131,started,79,,2026-05-01T01:40:43
U00918,C0069,started,72,,2026-03-15T02:40:43
U00918,C0117,started,12,,2026-06-12T02:40:43
U00918,C0010,started,17,,2026-03-23T12:40:43
U00918,C0072,started,58,,2026-07-17T19:40:43
U00918,C0100,started,56,,2026-02-09T23:40:43
U00918,C0024,completed,100,41,2026-01-22T03:40:43
U00919,C0178,dropped,44,,2026-04-26T18:40:43
U00919,C0181,started,71,,2026-07-15T23:40:43
U00919,C0146,dropped,54,,2026-05-02T16:40:43
U00920,C0126,completed,100,87,2026-01-23T15:40:43
U00920,C0008,completed,100,65,2026-05-27T18:40:43
U00920,C0122,completed,100,95,2026-06-09T02:40:43
U00920,C0116,completed,100,73,2026-05-26T04:40:43
U00920,C0122,dropped,28,,2026-05-16T03:40:43
U00920,C0158,completed,100,55,2026-01-30T16:40:43
U00920,C0114,completed,100,56,2026-04-21T05:40:43
U00920,C0113,started,80,,2026-03-03T12:40:43
U00920,C0118,dropped,18,,2026-05-05T11:40:43
U00920,C0100,completed,100,43,2026-02-26T17:40:43
U00920,C0127,started,73,,2026-07-17T17:40:43
U00920,C0116,dropped,57,,2026-03-06T18:40:43
U00920,C0113,started,90,,2026-03-04T02:40:43
U00920,C0116,completed,100,75,2026-06-27T00:40:43
U00922,C0094,completed,100,49,2026-04-17T21:40:43
U00922,C0085,dropped,33,,2026-04-05T08:40:43
U00922,C0093,completed,100,68,2026-04-11T06:40:43
U00923,C0156,dropped,44,,2026-03-18T03:40:43
U00923,C0050,completed,100,81,2026-03-13T16:40:43
U00923,C0031,dropped,33,,2026-06-29T01:40:43
U00923,C0030,started,45,,2026-06-06T23:40:43
U00923,C0025,dropped,37,,2026-03-29T09:40:43
U00923,C0082,dropped,38,,2026-06-25T00:40:43
U00923,C0057,started,54,,2026-01-27T14:40:43
U00924,C0078,completed,100,58,2026-04-18T03:40:43
U00924,C0068,dropped,64,,2026-03-01T10:40:43
U00926,C0167,dropped,29,,2026-03-30T04:40:43
U00926,C0171,completed,100,59,2026-06-06T20:40:43
U00926,C0016,started,25,,2026-05-02T22:40:43
U00926,C0169,started,31,,2026-03-31T13:40:43
U00928,C0044,completed,100,45,2026-03-01T05:40:43
U00928,C0046,completed,100,93,2026-06-29T05:40:43
U00928,C0036,dropped,51,,2026-04-24T09:40:43
U00929,C0069,dropped,51,,2026-06-14T20:40:43
U00929,C0140,completed,100,74,2026-03-14T15:40:43
U00929,C0137,completed,100,73,2026-06-06T13:40:43
U00929,C0134,completed,100,49,2026-04-12T05:40:43
U00929,C0130,completed,100,51,2026-02-02T16:40:43
U00929,C0132,completed,100,55,2026-06-12T22:40:43
U00929,C0143,started,29,,2026-04-08T07:40:43
U00929,C0142,completed,100,67,2026-02-14T01:40:43
U00929,C0132,completed,100,94,2026-05-07T23:40:43
U00929,C0143,completed,100,69,2026-05-06T17:40:43
U00929,C0154,started,88,,2026-06-02T09:40:43
U00929,C0144,completed,100,96,2026-03-17T06:40:43
U00929,C0189,completed,100,56,2026-02-17T11:40:43
U00929,C0088,completed,100,67,2026-03-30T15:40:43
U00930,C0131,completed,100,97,2026-05-30T08:40:43
U00930,C0129,completed,100,59,2026-07-11T05:40:43
U00931,C0132,completed,100,90,2026-01-31T12:40:43
U00931,C0129,started,61,,2026-05-10T18:40:43
U00932,C0133,completed,100,95,2026-06-20T16:40:43
U00932,C0140,dropped,14,,2026-06-23T00:40:43
U00932,C0136,completed,100,74,2026-06-27T00:40:43
U00932,C0137,dropped,45,,2026-02-23T09:40:43
U00932,C0141,completed,100,40,2026-03-14T22:40:43
U00932,C0061,completed,100,58,2026-04-11T10:40:43
U00932,C0102,dropped,44,,2026-03-16T18:40:43
U00933,C0075,started,80,,2026-01-24T07:40:43
U00933,C0100,dropped,36,,2026-04-26T10:40:43
U00934,C0026,started,51,,2026-03-20T16:40:43
U00934,C0113,completed,100,85,2026-02-13T19:40:43
U00934,C0032,completed,100,51,2026-04-03T19:40:43
U00934,C0028,started,78,,2026-05-27T22:40:43
U00934,C0029,completed,100,91,2026-01-30T06:40:43
U00934,C0018,completed,100,54,2026-03-23T05:40:43
U00934,C0031,started,45,,2026-05-31T17:40:43
U00936,C0066,completed,100,90,2026-01-31T23:40:43
U00936,C0066,completed,100,80,2026-06-05T15:40:43
U00937,C0155,dropped,62,,2026-02-11T19:40:43
U00937,C0134,started,31,,2026-03-25T04:40:43
U00937,C0155,dropped,24,,2026-02-19T05:40:43
U00937,C0159,completed,100,51,2026-04-29T03:40:43
U00937,C0154,completed,100,94,2026-01-29T04:40:43
U00937,C0154,completed,100,96,2026-04-18T02:40:43
U00937,C0147,completed,100,65,2026-05-03T00:40:43
U00937,C0114,started,90,,2026-02-25T06:40:43
U00937,C0078,started,62,,2026-02-17T19:40:43
U00937,C0156,completed,100,80,2026-02-05T00:40:43
U00937,C0075,completed,100,74,2026-03-17T00:40:43
U00937,C0160,completed,100,42,2026-02-13T17:40:43
U00940,C0067,completed,100,89,2026-04-19T17:40:43
U00940,C0010,started,40,,2026-06-23T00:40:43
U00941,C0116,started,49,,2026-04-09T11:40:43
U00941,C0119,dropped,31,,2026-04-29T06:40:43
U00941,C0126,started,32,,2026-04-14T10:40:43
U00941,C0051,dropped,40,,2026-06-17T23:40:43
U00942,C0189,started,16,,2026-03-03T07:40:43
U00942,C0177,started,20,,2026-01-25T21:40:43
U00944,C0153,started,24,,2026-02-16T14:40:43
U00944,C0081,completed,100,78,2026-07-19T11:40:43
U00944,C0094,completed,100,91,2026-05-22T15:40:43
U00944,C0158,dropped,51,,2026-02-18T00:40:43
U00944,C0158,started,33,,2026-05-15T08:40:43
U00944,C0145,started,33,,2026-03-08T23:40:43
U00944,C0148,started,63,,2026-04-28T12:40:43
U00944,C0150,started,31,,2026-06-02T00:40:43
U00944,C0127,started,48,,2026-02-23T10:40:43
U00945,C0007,started,73,,2026-01-27T16:40:43
U00946,C0172,started,25,,2026-05-01T19:40:43
U00946,C0004,completed,100,86,2026-03-02T04:40:43
U00946,C0004,completed,100,47,2026-06-28T09:40:43
U00946,C0009,started,47,,2026-01-22T19:40:43
U00946,C0012,dropped,58,,2026-03-31T05:40:43
U00946,C0007,completed,100,99,2026-03-22T13:40:43
U00946,C0001,completed,100,65,2026-02-19T01:40:43
U00946,C0011,completed,100,74,2026-04-21T20:40:43
U00946,C0007,started,25,,2026-02-05T09:40:43
U00946,C0099,completed,100,64,2026-06-25T05:40:43
U00946,C0004,started,26,,2026-03-28T05:40:43
U00946,C0003,completed,100,73,2026-02-09T15:40:43
U00949,C0141,completed,100,93,2026-04-04T03:40:43
U00949,C0131,completed,100,82,2026-02-04T12:40:43
U00949,C0069,completed,100,86,2026-07-06T13:40:43
U00949,C0117,dropped,14,,2026-06-19T22:40:43
U00949,C0057,completed,100,51,2026-05-04T14:40:43
U00949,C0020,started,70,,2026-05-01T02:40:43
U00949,C0101,started,77,,2026-06-14T07:40:43
U00949,C0130,completed,100,97,2026-05-07T07:40:43
U00949,C0030,dropped,38,,2026-04-10T10:40:43
U00949,C0140,started,53,,2026-02-14T07:40:43
U00951,C0133,started,73,,2026-05-08T22:40:43
U00951,C0135,completed,100,54,2026-06-25T22:40:43
U00951,C0075,started,14,,2026-04-29T15:40:43
U00951,C0020,completed,100,53,2026-03-21T15:40:43
U00951,C0136,completed,100,58,2026-02-06T22:40:43
U00951,C0052,completed,100,40,2026-03-15T18:40:43
U00951,C0130,completed,100,74,2026-04-02T17:40:43
U00951,C0187,completed,100,64,2026-07-08T08:40:43
U00951,C0136,dropped,40,,2026-06-23T13:40:43
U00951,C0169,completed,100,71,2026-05-03T20:40:43
U00951,C0137,completed,100,63,2026-02-03T15:40:43
U00952,C0144,started,64,,2026-03-15T00:40:43
U00952,C0140,dropped,14,,2026-01-31T13:40:43
U00952,C0139,started,10,,2026-02-27T05:40:43
U00952,C0131,dropped,19,,2026-03-11T01:40:43
U00952,C0143,started,12,,2026-02-13T00:40:43
U00952,C0129,completed,100,90,2026-02-03T00:40:43
U00952,C0140,completed,100,76,2026-06-11T19:40:43
U00952,C0137,completed,100,49,2026-04-12T23:40:43
U00952,C0141,dropped,27,,2026-05-09T09:40:43
U00952,C0132,started,54,,2026-05-14T10:40:43
U00952,C0189,started,72,,2026-03-11T15:40:43
U00952,C0145,completed,100,74,2026-02-04T10:40:43
U00953,C0180,started,25,,2026-03-25T17:40:43
U00953,C0181,dropped,24,,2026-06-10T05:40:43
U00956,C0140,started,37,,2026-03-11T00:40:43
U00956,C0100,completed,100,84,2026-03-25T13:40:43
U00956,C0137,started,45,,2026-06-06T20:40:43
U00956,C0119,started,50,,2026-02-04T20:40:43
U00958,C0132,completed,100,59,2026-06-13T11:40:43
U00958,C0034,completed,100,55,2026-03-20T03:40:43
U00958,C0143,started,88,,2026-05-09T07:40:43
U00959,C0043,started,10,,2026-02-24T00:40:43
U00959,C0160,completed,100,91,2026-01-21T16:40:43
U00959,C0154,completed,100,51,2026-03-18T05:40:43
U00960,C0120,completed,100,80,2026-06-25T22:40:43
U00960,C0021,completed,100,45,2026-05-21T01:40:43
U00960,C0115,started,36,,2026-07-09T08:40:43
U00962,C0162,started,43,,2026-04-08T17:40:43
U00962,C0186,completed,100,96,2026-06-25T06:40:43
U00962,C0181,started,31,,2026-07-12T18:40:43
U00963,C0171,dropped,65,,2026-07-05T12:40:43
U00963,C0167,completed,100,93,2026-06-25T04:40:43
U00964,C0143,dropped,31,,2026-03-20T16:40:43
U00964,C0136,dropped,19,,2026-04-03T12:40:43
U00964,C0133,completed,100,43,2026-03-11T11:40:43
U00965,C0044,started,39,,2026-07-01T21:40:43
U00965,C0073,completed,100,74,2026-02-28T04:40:43
U00966,C0105,dropped,61,,2026-05-22T18:40:43
U00966,C0104,completed,100,68,2026-07-05T14:40:43
U00970,C0031,dropped,6,,2026-07-18T01:40:43
U00970,C0091,completed,100,72,2026-03-11T07:40:43
U00970,C0068,completed,100,89,2026-03-13T11:40:43
U00970,C0040,completed,100,60,2026-07-07T07:40:43
U00970,C0137,completed,100,77,2026-03-02T06:40:43
U00970,C0144,completed,100,54,2026-03-25T09:40:43
U00970,C0106,started,40,,2026-05-26T12:40:43
U00970,C0017,completed,100,66,2026-01-27T20:40:43
U00970,C0029,started,39,,2026-06-28T08:40:43
U00970,C0019,completed,100,84,2026-06-28T08:40:43
U00971,C0184,started,41,,2026-03-18T05:40:43
U00971,C0057,completed,100,54,2026-03-18T20:40:43
U00971,C0113,completed,100,53,2026-03-18T17:40:43
U00971,C0049,completed,100,91,2026-03-05T17:40:43
U00971,C0178,dropped,41,,2026-04-17T19:40:43
U00971,C0192,started,22,,2026-04-12T06:40:43
U00971,C0122,started,65,,2026-02-28T03:40:43
U00971,C0053,completed,100,90,2026-04-30T10:40:43
U00971,C0085,completed,100,78,2026-07-15T01:40:43
U00971,C0061,dropped,61,,2026-02-11T15:40:43
U00971,C0177,dropped,25,,2026-07-12T16:40:43
U00971,C0177,dropped,45,,2026-01-23T13:40:43
U00971,C0180,completed,100,88,2026-04-05T18:40:43
U00971,C0185,started,65,,2026-04-28T13:40:43
U00972,C0121,started,33,,2026-07-13T01:40:43
U00974,C0099,dropped,52,,2026-01-25T14:40:43
U00974,C0112,completed,100,57,2026-07-18T17:40:43
U00974,C0004,completed,100,81,2026-03-16T01:40:43
U00974,C0152,started,13,,2026-07-03T04:40:43
U00974,C0163,completed,100,42,2026-04-22T12:40:43
U00974,C0013,completed,100,41,2026-02-25T09:40:43
U00974,C0078,completed,100,73,2026-05-17T11:40:43
U00974,C0002,dropped,9,,2026-07-16T02:40:43
U00974,C0076,started,69,,2026-04-13T19:40:43
U00974,C0079,completed,100,63,2026-04-08T11:40:43
U00974,C0101,dropped,55,,2026-04-04T07:40:43
U00974,C0110,started,34,,2026-03-08T10:40:43
U00974,C0155,completed,100,45,2026-03-14T08:40:43
U00974,C0100,completed,100,64,2026-04-22T06:40:43
U00974,C0082,completed,100,47,2026-04-17T17:40:43
U00975,C0036,completed,100,41,2026-03-31T09:40:43
U00976,C0062,completed,100,70,2026-03-19T12:40:43
U00976,C0052,completed,100,84,2026-05-24T06:40:43
U00976,C0031,completed,100,43,2026-06-10T00:40:43
U00976,C0061,started,75,,2026-05-17T02:40:43
U00976,C0062,started,74,,2026-02-16T06:40:43
U00976,C0058,started,79,,2026-05-24T06:40:43
U00976,C0051,dropped,35,,2026-03-29T15:40:43
U00976,C0057,completed,100,99,2026-02-18T13:40:43
U00976,C0063,completed,100,60,2026-02-24T09:40:43
U00977,C0074,started,10,,2026-02-23T14:40:43
U00977,C0187,dropped,37,,2026-04-09T04:40:43
U00977,C0149,completed,100,58,2026-02-27T12:40:43
U00977,C0144,completed,100,81,2026-03-21T04:40:43
U00977,C0192,completed,100,56,2026-02-24T20:40:43
U00977,C0114,completed,100,57,2026-06-14T00:40:43
U00977,C0180,dropped,63,,2026-06-19T22:40:43
U00977,C0191,completed,100,67,2026-03-25T22:40:43
U00977,C0189,completed,100,84,2026-02-15T09:40:43
U00978,C0045,dropped,21,,2026-04-24T17:40:43
U00978,C0151,started,65,,2026-02-22T20:40:43
U00979,C0060,completed,100,94,2026-03-29T01:40:43
U00979,C0049,completed,100,94,2026-02-03T22:40:43
U00979,C0062,completed,100,82,2026-05-05T03:40:43
U00979,C0128,dropped,19,,2026-05-13T10:40:43
U00979,C0063,dropped,64,,2026-07-07T07:40:43
U00980,C0092,dropped,37,,2026-02-13T02:40:43
U00980,C0139,completed,100,60,2026-06-18T00:40:43
U00980,C0135,completed,100,100,2026-05-13T12:40:43
U00980,C0140,completed,100,61,2026-01-30T15:40:43
U00980,C0142,started,53,,2026-01-26T03:40:43
U00981,C0081,dropped,48,,2026-05-27T11:40:43
U00981,C0048,dropped,65,,2026-06-17T19:40:43
U00981,C0181,completed,100,76,2026-04-28T14:40:43
U00981,C0128,started,81,,2026-02-23T03:40:43
U00981,C0046,dropped,7,,2026-05-21T22:40:43
U00982,C0038,completed,100,67,2026-01-28T02:40:43
U00982,C0038,completed,100,89,2026-02-18T02:40:43
U00982,C0044,started,71,,2026-02-16T23:40:43
U00982,C0108,started,73,,2026-03-23T14:40:43
U00982,C0037,started,23,,2026-04-05T02:40:43
U00982,C0035,completed,100,64,2026-06-01T14:40:43
U00982,C0043,started,70,,2026-06-07T01:40:43
U00982,C0082,started,87,,2026-07-03T00:40:43
U00982,C0048,completed,100,70,2026-02-11T19:40:43
U00982,C0034,completed,100,42,2026-07-15T19:40:43
U00982,C0039,completed,100,87,2026-05-03T12:40:43
U00982,C0037,started,71,,2026-05-06T04:40:43
U00982,C0046,completed,100,85,2026-06-07T03:40:43
U00982,C0017,started,58,,2026-01-29T17:40:43
U00983,C0182,completed,100,59,2026-04-05T03:40:43
U00988,C0028,completed,100,46,2026-06-29T15:40:43
U00990,C0098,dropped,54,,2026-04-01T14:40:43
U00990,C0105,started,83,,2026-05-08T05:40:43
U00990,C0103,completed,100,62,2026-01-28T12:40:43
U00990,C0070,completed,100,59,2026-04-14T04:40:43
U00990,C0112,started,90,,2026-03-02T15:40:43
U00990,C0008,started,32,,2026-03-28T20:40:43
U00990,C0163,dropped,31,,2026-07-01T23:40:43
U00990,C0098,dropped,47,,2026-04-22T05:40:43
U00992,C0042,completed,100,84,2026-03-13T04:40:43
U00992,C0045,dropped,64,,2026-03-18T17:40:43
U00993,C0137,dropped,15,,2026-06-07T19:40:43
U00993,C0118,completed,100,70,2026-05-16T20:40:43
U00993,C0099,started,12,,2026-03-29T23:40:43
U00993,C0045,dropped,53,,2026-05-02T06:40:43
U00993,C0068,completed,100,71,2026-05-26T09:40:43
U00993,C0005,started,12,,2026-05-15T09:40:43
U00993,C0015,dropped,13,,2026-06-16T16:40:43
U00993,C0072,completed,100,55,2026-03-27T10:40:43
U00993,C0046,completed,100,73,2026-06-26T02:40:43
U00993,C0060,completed,100,45,2026-02-22T05:40:43
U00993,C0067,completed,100,41,2026-06-21T12:40:43
U00993,C0074,completed,100,68,2026-05-25T09:40:43
U00993,C0114,completed,100,86,2026-01-23T13:40:43
U00995,C0007,started,67,,2026-04-19T22:40:43
U00995,C0120,started,23,,2026-01-21T13:40:43
U00995,C0119,completed,100,55,2026-02-18T20:40:43
U00995,C0162,started,10,,2026-06-25T14:40:43
U00996,C0158,started,80,,2026-02-14T06:40:43
U00996,C0041,started,10,,2026-04-06T09:40:43
U00996,C0157,completed,100,94,2026-01-24T17:40:43
U00996,C0157,started,50,,2026-06-30T03:40:43
U00996,C0146,dropped,65,,2026-06-30T09:40:43
U00996,C0177,dropped,9,,2026-05-05T01:40:43
U00996,C0155,completed,100,99,2026-07-03T13:40:43
U00996,C0155,completed,100,98,2026-02-10T22:40:43
U00996,C0149,completed,100,78,2026-06-02T13:40:43
U00997,C0158,completed,100,94,2026-04-29T03:40:43
U00997,C0093,started,70,,2026-04-23T11:40:43
U00997,C0038,completed,100,95,2026-05-16T10:40:43
U00997,C0121,completed,100,84,2026-03-14T22:40:43
U00997,C0192,completed,100,56,2026-06-23T12:40:43
U00997,C0128,completed,100,46,2026-06-22T02:40:43
U00997,C0116,completed,100,63,2026-03-01T11:40:43
U00997,C0160,completed,100,95,2026-04-28T00:40:43
U00997,C0006,completed,100,87,2026-03-02T23:40:43
U00997,C0082,started,47,,2026-06-28T02:40:43
U00997,C0069,completed,100,99,2026-05-16T07:40:43
U00997,C0113,completed,100,43,2026-01-23T00:40:43
U00998,C0052,started,75,,2026-02-02T22:40:43
U00998,C0046,completed,100,96,2026-02-12T21:40:43
U00998,C0053,started,62,,2026-02-26T14:40:43
U00998,C0058,started,10,,2026-03-29T23:40:43
U00998,C0031,completed,100,42,2026-04-02T18:40:43
U00998,C0057,started,56,,2026-02-23T20:40:43
U01000,C0125,completed,100,46,2026-01-28T10:40:43
U01000,C0004,dropped,15,,2026-04-30T10:40:43
U01000,C0016,completed,100,45,2026-01-25T21:40:43
U01000,C0004,completed,100,74,2026-07-20T11:40:43
U01000,C0121,started,46,,2026-04-18T00:40:43
U01000,C0004,completed,100,67,2026-03-19T20:40:43
U01000,C0110,completed,100,84,2026-06-27T16:40:43
U01000,C0040,started,25,,2026-05-16T05:40:43
U01000,C0005,started,30,,2026-03-28T06:40:43
U01000,C0160,completed,100,52,2026-04-03T21:40:43
U01000,C0066,dropped,18,,2026-06-07T14:40:43
U01000,C0089,dropped,64,,2026-02-10T23:40:43
U01000,C0001,started,31,,2026-04-24T23:40:43
U01000,C0007,completed,100,87,2026-07-17T18:40:43
